0,w,789,
0,i,505,
0,na,233,
0,z,217,
0,sie,164,
0,do,141,
0,polski,137,
0,polsce,128,
0,polska,96,
0,jest,84,
0,a,76,
0,oraz,74,
0,od,73,
0,sa,60,
0,to,57,
0,min,56,
0,po,55,
0,przez,53,
0,tys,53,
0,roku,50,
0,o,48,
0,kosciol,44,
0,takze,40,
0,wieku,39,
0,artykul,36,
0,polskiej,35,
0,osobny,35,
0,państwa,33,
0,km,33,
0,ze,29,
0,polskie,29,
0,jan,29,
0,pod,28,
0,tez,28,
0,ii,27,
0,za,27,
0,ponad,26,
0,lat,26,
0,kraju,26,
0,tym,26,
0,jak,25,
0,r,24,
0,artykuly,24,
0,latach,24,
0,rzeczypospolitej,24,
0,jego,24,
0,osobne,23,
0,rzeczpospolita,22,
0,rp,22,
0,liczba,22,
0,byla,21,
0,stanislaw,21,
0,sw,21,
0,iii,20,
0,byl,20,
0,okolo,20,
0,gatunkow,20,
0,miejsce,19,
0,ludnosci,19,
0,lub,19,
0,nie,19,
0,c,19,
0,co,18,
0,ktory,18,
0,rowniez,18,
0,ktore,18,
0,dziela,18,
0,europie,17,
0,dni,17,
0,okresie,17,
0,wiele,17,
0,osob,17,
0,wedlug,17,
0,pol,17,
0,wojewodztwo,17,
0,europy,16,
0,czy,16,
0,historia,16,
0,transport,16,
0,we,16,
0,wladze,16,
0,ich,16,
0,wladzy,16,
0,ktorych,16,
0,dla,16,
0,zobacz,16,
0,ma,16,
0,wiernych,16,
0,swiecie,15,
0,polskich,15,
0,polskiego,15,
0,krakowie,15,
0,coasvg,15,
0,miedzy,14,
0,okres,14,
0,polacy,14,
0,zostal,14,
0,bylo,14,
0,ok,14,
0,pkb,14,
0,jej,13,
0,unii,13,
0,europejskiej,13,
0,swiatowej,13,
0,miasta,13,
0,jako,13,
0,innych,13,
0,jednak,13,
0,warszawie,13,
0,wyniku,13,
0,mieszkańcow,13,
0,mln,13,
0,jana,13,
0,polsat,13,
0,xx,12,
0,zas,12,
0,jozef,12,
0,slasku,12,
0,konstytucji,12,
0,warszawa,12,
0,gdzie,12,
0,jerzy,12,
0,tvp,12,
0,wynosi,11,
0,litwa,11,
0,prawa,11,
0,sejm,11,
0,dzialania,11,
0,xix,11,
0,terenie,11,
0,ludnosc,11,
0,czesc,11,
0,prezydent,11,
0,glownie,11,
0,byli,11,
0,andrzej,11,
0,tvn,11,
0,wielu,10,
0,sily,10,
0,grupy,10,
0,sztuki,10,
0,polonia,10,
0,tego,10,
0,rok,10,
0,zostaly,10,
0,zostala,10,
0,wojny,10,
0,czesci,10,
0,tzw,10,
0,ruch,10,
0,komitet,10,
0,kosciola,10,
0,ministrow,10,
0,ktora,10,
0,ue,10,
0,srednia,10,
0,koscioly,10,
0,powstaja,10,
0,filozofii,10,
0,wzgledem,9,
0,wiekszosc,9,
0,organizacji,9,
0,nalezy,9,
0,konstytucja,9,
0,system,9,
0,pracy,9,
0,zsrr,9,
0,czasie,9,
0,wladyslaw,9,
0,poczatku,9,
0,narodowe,9,
0,ktorej,9,
0,sejmu,9,
0,natomiast,9,
0,przed,9,
0,obecnie,9,
0,m,9,
0,np,9,
0,przy,9,
0,zwlaszcza,9,
0,wskaznik,9,
0,pkp,9,
0,liczby,8,
0,ponadto,8,
0,nato,8,
0,państw,8,
0,partie,8,
0,samorzad,8,
0,jezyk,8,
0,krajow,8,
0,pierwsze,8,
0,byly,8,
0,powstanie,8,
0,wraz,8,
0,xviii,8,
0,wschodniej,8,
0,krakow,8,
0,wojska,8,
0,niemcy,8,
0,rzad,8,
0,zycia,8,
0,publicznych,8,
0,tej,8,
0,polskim,8,
0,prawo,8,
0,inne,8,
0,wyborczy,8,
0,poza,8,
0,dolarow,8,
0,stulecia,8,
0,zamek,8,
0,tadeusz,8,
0,państwo,7,
0,milionow,7,
0,rozwoju,7,
0,rada,7,
0,grupa,7,
0,dynastia,7,
0,sejmie,7,
0,powierzchni,7,
0,przyrody,7,
0,gospodarka,7,
0,literatura,7,
0,filozofia,7,
0,telewizja,7,
0,sport,7,
0,polakow,7,
0,kiedy,7,
0,nowe,7,
0,maja,7,
0,tych,7,
0,polowie,7,
0,henryk,7,
0,liczne,7,
0,rozwoj,7,
0,szczegolnie,7,
0,niz,7,
0,niepodleglosci,7,
0,polske,7,
0,port,7,
0,miast,7,
0,polscy,7,
0,zachodniej,7,
0,politycznych,7,
0,senat,7,
0,poslow,7,
0,dziala,7,
0,najmniej,7,
0,palac,7,
0,polowy,7,
0,oprocz,7,
0,slaskie,7,
0,gdańsk,7,
0,lodz,7,
0,siec,7,
0,najwieksze,7,
0,tysiecy,7,
0,przyrost,7,
0,razy,7,
0,stanislawa,7,
0,przykladem,7,
0,przykladami,7,
0,polnocy,6,
0,handlu,6,
0,rady,6,
0,bezpieczeństwa,6,
0,ziem,6,
0,narodow,6,
0,wladza,6,
0,prawny,6,
0,polityka,6,
0,jeziora,6,
0,ochrona,6,
0,gospodarki,6,
0,architektura,6,
0,stacje,6,
0,platformy,6,
0,obywateli,6,
0,tereny,6,
0,kultury,6,
0,terytorium,6,
0,spoleczeństwa,6,
0,smierci,6,
0,nad,6,
0,xvi,6,
0,rosja,6,
0,pomiedzy,6,
0,zostalo,6,
0,prezydenta,6,
0,pierwszych,6,
0,wybory,6,
0,stanu,6,
0,sposob,6,
0,najwieksza,6,
0,warszawy,6,
0,sklad,6,
0,wszystkie,6,
0,glownym,6,
0,glosow,6,
0,nich,6,
0,zaufania,6,
0,czlonkow,6,
0,wg,6,
0,sady,6,
0,partii,6,
0,stycznia,6,
0,lotnicze,6,
0,poznań,6,
0,bydgoszcz,6,
0,wroclaw,6,
0,szczecin,6,
0,e,6,
0,k,6,
0,dlugosc,6,
0,wystepuje,6,
0,powyzej,6,
0,temperatura,6,
0,gus,6,
0,najbardziej,6,
0,mezczyzn,6,
0,kobiet,6,
0,calej,6,
0,populacji,6,
0,diecezja,6,
0,maria,6,
0,swiata,6,
0,wsrod,6,
0,index,6,
0,tramwaj,6,
0,sztuka,6,
0,krakowskiej,6,
0,oltarz,6,
0,franciszek,6,
0,krzysztof,6,
0,adam,6,
0,filozoficzne,6,
0,radio,6,
0,gazeta,6,
0,dziennik,6,
0,wschodu,5,
0,granicy,5,
0,obojga,5,
0,wojna,5,
0,ustroj,5,
0,senacie,5,
0,polityki,5,
0,zagranicznej,5,
0,rzeki,5,
0,narodowosci,5,
0,wyznania,5,
0,wiek,5,
0,swieta,5,
0,wolne,5,
0,byc,5,
0,im,5,
0,wladca,5,
0,końca,5,
0,xiii,5,
0,czesto,5,
0,pierwszym,5,
0,znaczenie,5,
0,kazimierz,5,
0,kazimierza,5,
0,nastapil,5,
0,ona,5,
0,wojnie,5,
0,xvii,5,
0,wzrostu,5,
0,mimo,5,
0,koniec,5,
0,edukacji,5,
0,narodowej,5,
0,trzy,5,
0,celu,5,
0,powstania,5,
0,terenow,5,
0,stanowily,5,
0,partia,5,
0,narodowa,5,
0,nowy,5,
0,opozycji,5,
0,wrzesnia,5,
0,kilka,5,
0,podczas,5,
0,wolnych,5,
0,powstala,5,
0,poznaniu,5,
0,zmiany,5,
0,wzrosla,5,
0,czego,5,
0,organow,5,
0,wyborach,5,
0,dnia,5,
0,wiekszoscia,5,
0,dziedzinie,5,
0,sprawach,5,
0,ustawa,5,
0,wotum,5,
0,sprawiedliwosci,5,
0,wylacznie,5,
0,prawna,5,
0,mandatow,5,
0,platforma,5,
0,wszystkich,5,
0,wyborcow,5,
0,senator,5,
0,powstaly,5,
0,l,5,
0,s,5,
0,n,5,
0,gory,5,
0,kolo,5,
0,przede,5,
0,wszystkim,5,
0,centrum,5,
0,zwierzat,5,
0,gatunki,5,
0,czasach,5,
0,skale,5,
0,zabudowa,5,
0,naturalny,5,
0,wzrost,5,
0,wspolczynnik,5,
0,mezczyznkobiet,5,
0,pawel,5,
0,architektury,5,
0,takie,5,
0,linie,5,
0,express,5,
0,wroclawiu,5,
0,dwa,5,
0,malarstwo,5,
0,itp,5,
0,formy,5,
0,tworczosc,5,
0,reprezentuja,5,
0,piotr,5,
0,rozwijala,5,
0,ukraina,4,
0,nazwie,4,
0,morza,4,
0,szwecji,4,
0,państwem,4,
0,miedzynarodowych,4,
0,gospodarczego,4,
0,jednym,4,
0,takich,4,
0,jagiellonow,4,
0,polityczne,4,
0,podzial,4,
0,administracyjny,4,
0,terytorialny,4,
0,fauna,4,
0,etniczne,4,
0,bilans,4,
0,kultura,4,
0,kuchnia,4,
0,prawdopodobnie,4,
0,nazwa,4,
0,kolei,4,
0,zrodla,4,
0,utworzenia,4,
0,kraje,4,
0,nazwe,4,
0,stala,4,
0,pochodzenia,4,
0,duze,4,
0,polityke,4,
0,bitwie,4,
0,krola,4,
0,reformy,4,
0,wielkiego,4,
0,poczatek,4,
0,pazdziernika,4,
0,zwiazek,4,
0,wprowadzono,4,
0,wolnosci,4,
0,znacznie,4,
0,swoje,4,
0,rzadu,4,
0,pilsudski,4,
0,państwowe,4,
0,terenach,4,
0,roznych,4,
0,ludowe,4,
0,reform,4,
0,nowa,4,
0,przemysl,4,
0,wrzesień,4,
0,dzialalnosc,4,
0,rzadowi,4,
0,komunistyczne,4,
0,czasow,4,
0,zmian,4,
0,systemu,4,
0,pierwszy,4,
0,zwiazku,4,
0,juz,4,
0,kilku,4,
0,poziom,4,
0,powodu,4,
0,strajki,4,
0,te,4,
0,rozmowy,4,
0,innymi,4,
0,pierwszej,4,
0,liczbe,4,
0,rynku,4,
0,kwietnia,4,
0,stanowi,4,
0,senatorow,4,
0,parlamentarnych,4,
0,kadencje,4,
0,senatu,4,
0,dzialalnosci,4,
0,najwyzszym,4,
0,reprezentuje,4,
0,nastepnie,4,
0,moze,4,
0,ciagu,4,
0,program,4,
0,tak,4,
0,zwiazkow,4,
0,publicznej,4,
0,nastepujaco,4,
0,druga,4,
0,powiatow,4,
0,nawet,4,
0,obszarach,4,
0,granica,4,
0,granic,4,
0,xv,4,
0,istnieje,4,
0,mazowieckie,4,
0,gmin,4,
0,wojewodztwa,4,
0,katowice,4,
0,p,4,
0,gdynia,4,
0,przypada,4,
0,linia,4,
0,geogr,4,
0,granicach,4,
0,jezior,4,
0,obszarze,4,
0,szeroka,4,
0,lista,4,
0,okolicach,4,
0,nizinie,4,
0,slaskiej,4,
0,wroclawia,4,
0,notuje,4,
0,wystepuja,4,
0,in,4,
0,miliona,4,
0,jezykiem,4,
0,mniejszosci,4,
0,urodzeń,4,
0,historyczne,4,
0,sobieskiego,4,
0,brama,4,
0,naleza,4,
0,warszawska,4,
0,katolicki,4,
0,ktorego,4,
0,chrzescijan,4,
0,dzialaja,4,
0,niemczech,4,
0,tworca,4,
0,of,4,
0,magdalena,4,
0,pierwsza,4,
0,roman,4,
0,mld,4,
0,eksportu,4,
0,bezrobocia,4,
0,drogi,4,
0,drog,4,
0,publiczne,4,
0,stopniu,4,
0,dostep,4,
0,szybki,4,
0,uniwersytet,4,
0,tworzyli,4,
0,marcina,4,
0,rozwija,4,
0,zlotnicze,4,
0,dzielami,4,
0,katedry,4,
0,zespol,4,
0,toruniu,4,
0,architekturze,4,
0,pomorzu,4,
0,klasztoru,4,
0,kosciele,4,
0,zygmunt,4,
0,baroku,4,
0,dzialal,4,
0,commons,4,
0,logiki,4,
0,tv,4,
0,noznej,4,
0,srodkowej,3,
0,poludniu,3,
0,powierzchnia,3,
0,zajmuje,3,
0,zachodu,3,
0,graniczy,3,
0,slowacja,3,
0,bialorusia,3,
0,obwod,3,
0,kaliningradzki,3,
0,baltyckiego,3,
0,onz,3,
0,wspolpracy,3,
0,gospodarczej,3,
0,europejskiego,3,
0,obszaru,3,
0,miedzynarodowej,3,
0,agencji,3,
0,strefy,3,
0,prehistoria,3,
0,piastow,3,
0,rozbiory,3,
0,ludowa,3,
0,proces,3,
0,zagraniczna,3,
0,cele,3,
0,zbrojne,3,
0,budowa,3,
0,srodowisko,3,
0,statystyki,3,
0,handel,3,
0,przedsiebiorstwa,3,
0,lotniczy,3,
0,edukacja,3,
0,nauka,3,
0,muzyka,3,
0,film,3,
0,masowego,3,
0,telewizje,3,
0,prywatne,3,
0,portale,3,
0,nazwy,3,
0,krolewski,3,
0,unie,3,
0,powszechnie,3,
0,ja,3,
0,marca,3,
0,zamieszkiwalo,3,
0,etnicznych,3,
0,przynaleznosci,3,
0,szczegolnosci,3,
0,historycznie,3,
0,koronowany,3,
0,gnieznie,3,
0,dwie,3,
0,lecz,3,
0,wielki,3,
0,dynastii,3,
0,rzadow,3,
0,wielkim,3,
0,powolano,3,
0,wielkie,3,
0,ksiestwo,3,
0,augusta,3,
0,niej,3,
0,francji,3,
0,szwecja,3,
0,doprowadzily,3,
0,one,3,
0,wobec,3,
0,armie,3,
0,podjeto,3,
0,august,3,
0,komisje,3,
0,konstytucje,3,
0,zaborow,3,
0,majace,3,
0,utworzono,3,
0,rosji,3,
0,istnialo,3,
0,miasto,3,
0,dzialań,3,
0,niemieckie,3,
0,mu,3,
0,zakończeniu,3,
0,spolecznych,3,
0,konfliktow,3,
0,rownoczesnie,3,
0,wybuchly,3,
0,ramach,3,
0,stulecie,3,
0,roznice,3,
0,liczna,3,
0,polityczna,3,
0,stronnictwo,3,
0,przeprowadzono,3,
0,wladyslawa,3,
0,inwestycje,3,
0,gdyni,3,
0,czasem,3,
0,powstawaly,3,
0,prace,3,
0,sytuacji,3,
0,przyczynil,3,
0,obok,3,
0,niemiecka,3,
0,wojsko,3,
0,granice,3,
0,poludniowa,3,
0,czerwona,3,
0,porozumienia,3,
0,represje,3,
0,masowe,3,
0,aresztowania,3,
0,funkcje,3,
0,osoby,3,
0,zamieszkania,3,
0,miejsca,3,
0,narodowego,3,
0,stalina,3,
0,dzialaczy,3,
0,pierwszego,3,
0,edward,3,
0,budowano,3,
0,podjely,3,
0,solidarnosc,3,
0,go,3,
0,politycznej,3,
0,aleksandra,3,
0,trakcie,3,
0,parlamentarne,3,
0,beda,3,
0,miejsc,3,
0,maksymalna,3,
0,pozniej,3,
0,bronislaw,3,
0,parlamentu,3,
0,u,3,
0,zadaniem,3,
0,ustaw,3,
0,kadencji,3,
0,organizacje,3,
0,prac,3,
0,ktorzy,3,
0,tworza,3,
0,stale,3,
0,kontroli,3,
0,moga,3,
0,klubow,3,
0,zwiazanych,3,
0,laski,3,
0,ustawe,3,
0,bezwzgledna,3,
0,obecnosci,3,
0,on,3,
0,sil,3,
0,mysl,3,
0,przedstawia,3,
0,niego,3,
0,wybrany,3,
0,razem,3,
0,sad,3,
0,powszechne,3,
0,udzial,3,
0,swoich,3,
0,czlonkostwa,3,
0,poszczegolnych,3,
0,regionow,3,
0,obywatelska,3,
0,sprawiedliwosc,3,
0,edytuj,3,
0,mandaty,3,
0,slawomir,3,
0,państwami,3,
0,rzecz,3,
0,xxi,3,
0,kierunki,3,
0,rola,3,
0,zrodel,3,
0,infrastruktury,3,
0,jezyku,3,
0,jeden,3,
0,glowne,3,
0,wojsk,3,
0,lotniczych,3,
0,wybrzeza,3,
0,morskie,3,
0,odzyskaniu,3,
0,gdyz,3,
0,kujawskopomorskie,3,
0,swietokrzyskie,3,
0,podlaskie,3,
0,pomorskie,3,
0,odra,3,
0,wisla,3,
0,y,3,
0,rzeszow,3,
0,morska,3,
0,dlugosci,3,
0,latem,3,
0,mierze,3,
0,wschod,3,
0,znajduje,3,
0,europa,3,
0,ha,3,
0,proc,3,
0,tylko,3,
0,zajmuja,3,
0,wschodnie,3,
0,najwyzszych,3,
0,npm,3,
0,roczna,3,
0,wybrzezu,3,
0,ponizej,3,
0,suwalszczyznie,3,
0,mm,3,
0,wyjatkiem,3,
0,trwa,3,
0,lutego,3,
0,dopiero,3,
0,niektore,3,
0,stanowia,3,
0,zyja,3,
0,ochrony,3,
0,naukowych,3,
0,elementy,3,
0,xii,3,
0,ul,3,
0,niegdys,3,
0,obszar,3,
0,unia,3,
0,demograficzny,3,
0,krajem,3,
0,wowczas,3,
0,wchodzi,3,
0,dzieci,3,
0,ostatnich,3,
0,ta,3,
0,spoleczne,3,
0,jedna,3,
0,ujemny,3,
0,zachodnich,3,
0,wielkopolski,3,
0,pomorza,3,
0,narodowosc,3,
0,ziemiach,3,
0,szlacheckie,3,
0,narodowym,3,
0,wieksze,3,
0,coraz,3,
0,plci,3,
0,smiertelnych,3,
0,zywych,3,
0,hivaids,3,
0,danych,3,
0,krakowska,3,
0,tradycji,3,
0,zarejestrowanych,3,
0,spadek,3,
0,szczecinie,3,
0,lodzi,3,
0,zazwyczaj,3,
0,szeroko,3,
0,podobnie,3,
0,zjednoczonych,3,
0,australii,3,
0,niezaleznie,3,
0,sklodowskacurie,3,
0,architekci,3,
0,waclaw,3,
0,maciej,3,
0,plakatu,3,
0,nabywczej,3,
0,wyniosl,3,
0,wzgledu,3,
0,pracuje,3,
0,przemyslowe,3,
0,spolek,3,
0,rankingu,3,
0,international,3,
0,at,3,
0,kearney,3,
0,nawierzchni,3,
0,sieci,3,
0,kolej,3,
0,kolejowe,3,
0,pasazerski,3,
0,regionalny,3,
0,koleje,3,
0,plk,3,
0,przewoznikow,3,
0,porty,3,
0,lot,3,
0,olt,3,
0,dalszy,3,
0,szkoly,3,
0,wyzsze,3,
0,szkole,3,
0,siega,3,
0,tendencje,3,
0,awangardowe,3,
0,dziel,3,
0,wyroby,3,
0,jakuba,3,
0,wielka,3,
0,budownictwo,3,
0,katedra,3,
0,katarzyny,3,
0,gdańsku,3,
0,zamki,3,
0,ratusz,3,
0,rzezby,3,
0,zamku,3,
0,swiadectwem,3,
0,madonna,3,
0,styl,3,
0,wroclawski,3,
0,swietej,3,
0,jadwigi,3,
0,idee,3,
0,wnetrz,3,
0,zdominowaly,3,
0,malarstwie,3,
0,portret,3,
0,manieryzmu,3,
0,rusi,3,
0,wilanowie,3,
0,zwiazana,3,
0,humanizmu,3,
0,mysli,3,
0,jezuitow,3,
0,rezydencje,3,
0,dworze,3,
0,poznego,3,
0,rzezbiarz,3,
0,jakub,3,
0,malarze,3,
0,tematem,3,
0,jacek,3,
0,zbigniew,3,
0,mieczyslaw,3,
0,henryka,3,
0,jezyka,3,
0,portrety,3,
0,utwory,3,
0,pisarze,3,
0,literature,3,
0,ignacy,3,
0,julian,3,
0,pan,3,
0,stefan,3,
0,witold,3,
0,robert,3,
0,reprezentantem,3,
0,reprezentantami,3,
0,karol,3,
0,lwowskowarszawskiej,3,
0,kategorii,3,
0,leszek,3,
0,hd,3,
0,echo,3,
0,news,3,
0,fm,3,
0,zupa,3,
0,herbata,3,
0,larousse,3,
0,sukcesy,3,
0,dyscyplinie,3,
0,pilce,3,
0,olimpijskich,3,
0,mistrzostwa,3,
0,reprezentacje,3,
0,polozone,2,
0,odry,2,
0,daje,2,
0,ludzi,2,
0,niemcami,2,
0,poludnia,2,
0,czechami,2,
0,polnocnego,2,
0,polnocnej,2,
0,strefa,2,
0,baltyku,2,
0,danii,2,
0,rozwijajacym,2,
0,czlonkiem,2,
0,energii,2,
0,atomowej,2,
0,wejscie,2,
0,etymologia,2,
0,andegawenow,2,
0,zaborami,2,
0,dwudziestolecie,2,
0,swiatowa,2,
0,polityczny,2,
0,ustawodawcza,2,
0,legislacyjny,2,
0,sadownicza,2,
0,komitety,2,
0,wyborcze,2,
0,geografia,2,
0,uksztaltowanie,2,
0,klimat,2,
0,religijne,2,
0,charakterystyka,2,
0,eksport,2,
0,import,2,
0,handlowy,2,
0,rankingach,2,
0,infrastruktura,2,
0,samochodowy,2,
0,kolejowy,2,
0,miejski,2,
0,telekomunikacja,2,
0,opieka,2,
0,xixxxi,2,
0,srodki,2,
0,przekazu,2,
0,telewizyjne,2,
0,satelitarne,2,
0,radiowe,2,
0,prasa,2,
0,ustawowo,2,
0,polan,2,
0,pole,2,
0,calego,2,
0,lac,2,
0,zarowno,2,
0,historii,2,
0,najczesciej,2,
0,mieszko,2,
0,przyjal,2,
0,chrzest,2,
0,tytul,2,
0,tron,2,
0,wladcow,2,
0,ziemie,2,
0,rozdzielone,2,
0,prusy,2,
0,rosje,2,
0,austrie,2,
0,wrzesniu,2,
0,ponownie,2,
0,zaatakowana,2,
0,podzielona,2,
0,rzesze,2,
0,zycie,2,
0,stalo,2,
0,republika,2,
0,socjalistyczna,2,
0,efekcie,2,
0,ludow,2,
0,ustroju,2,
0,demokratycznym,2,
0,mieszkańcy,2,
0,paktu,2,
0,wspolczesnej,2,
0,grup,2,
0,slowian,2,
0,pozostaje,2,
0,zalozonej,2,
0,rozbicia,2,
0,dzielnicowego,2,
0,krolestwo,2,
0,x,2,
0,zapoczatkowalo,2,
0,chrztu,2,
0,syn,2,
0,boleslawa,2,
0,trwajace,2,
0,prawie,2,
0,henrykowie,2,
0,slascy,2,
0,skutecznie,2,
0,wewnetrzne,2,
0,gospodarce,2,
0,bezpotomnej,2,
0,przejal,2,
0,ludwik,2,
0,zyciu,2,
0,litewskim,2,
0,panowaniem,2,
0,zjednoczona,2,
0,armia,2,
0,stal,2,
0,nastepowal,2,
0,nauki,2,
0,mikolaj,2,
0,religijna,2,
0,kawalerii,2,
0,armii,2,
0,celem,2,
0,kazdy,2,
0,krol,2,
0,zygmunta,2,
0,ostatniego,2,
0,religijnej,2,
0,hiszpanii,2,
0,najwiekszym,2,
0,konflikty,2,
0,potop,2,
0,stopniowego,2,
0,upadku,2,
0,stanie,2,
0,ostatni,2,
0,warszawskie,2,
0,zwycieskie,2,
0,wojen,2,
0,warszawskiego,2,
0,stopniowo,2,
0,autonomie,2,
0,zaborem,2,
0,krakowskiego,2,
0,ono,2,
0,prus,2,
0,powstalo,2,
0,wybuchlo,2,
0,rzeczpospolitaedytuj,2,
0,belweder,2,
0,naczelnika,2,
0,uznaje,2,
0,listopada,2,
0,plan,2,
0,lata,2,
0,wielkopolsce,2,
0,okresu,2,
0,brak,2,
0,spojnosci,2,
0,zydow,2,
0,najwiekszymi,2,
0,napiec,2,
0,istnienia,2,
0,demokracji,2,
0,parlamentarnej,2,
0,styczniu,2,
0,odbyly,2,
0,uchwalono,2,
0,ksztaltowania,2,
0,walki,2,
0,inflacja,2,
0,pakiet,2,
0,premiera,2,
0,zalozono,2,
0,bank,2,
0,prowadzono,2,
0,infrastrukture,2,
0,miedzywojenny,2,
0,wazne,2,
0,literackie,2,
0,edukacje,2,
0,wiejskich,2,
0,autorytarny,2,
0,wolnosc,2,
0,prasy,2,
0,znane,2,
0,sprawowania,2,
0,lwowa,2,
0,graniczny,2,
0,niemiec,2,
0,przegrana,2,
0,bitwa,2,
0,rozpoczely,2,
0,rozpoczela,2,
0,urzedow,2,
0,centralnych,2,
0,trwaly,2,
0,kampanii,2,
0,mocy,2,
0,krajami,2,
0,okupowanych,2,
0,wymierzone,2,
0,spoleczeństwo,2,
0,wczesniej,2,
0,oporu,2,
0,niemieckich,2,
0,zaglady,2,
0,zginelo,2,
0,bedacych,2,
0,zmuszonych,2,
0,ruchu,2,
0,caly,2,
0,uchodzstwie,2,
0,okupacji,2,
0,zniszczonych,2,
0,niemal,2,
0,calkowicie,2,
0,strajk,2,
0,solidarnosci,2,
0,pkwn,2,
0,obrady,2,
0,okraglego,2,
0,stolu,2,
0,decyzje,2,
0,wyborow,2,
0,droge,2,
0,lipcu,2,
0,sprawowac,2,
0,dzialacze,2,
0,czerwcu,2,
0,powstal,2,
0,uznanie,2,
0,publicznego,2,
0,terror,2,
0,policyjny,2,
0,przemyslu,2,
0,rozpoczeto,2,
0,odbudowe,2,
0,jednopartyjnego,2,
0,ludowej,2,
0,jednoczesnie,2,
0,az,2,
0,prl,2,
0,stlumione,2,
0,milicje,2,
0,demonstracje,2,
0,gomulka,2,
0,podjal,2,
0,probe,2,
0,emigracji,2,
0,brutalnie,2,
0,strajkow,2,
0,robotniczych,2,
0,zrezygnowal,2,
0,stanowiska,2,
0,zajal,2,
0,gierek,2,
0,rzadowa,2,
0,zagranicznych,2,
0,nowych,2,
0,wysokosc,2,
0,ekonomicznych,2,
0,wynikajacych,2,
0,stosowania,2,
0,duzego,2,
0,duzych,2,
0,mialy,2,
0,nszz,2,
0,pazdzierniku,2,
0,wojciech,2,
0,grudniu,2,
0,wprowadzeniu,2,
0,wojennego,2,
0,laczylo,2,
0,obywatelskich,2,
0,wojskowej,2,
0,walesa,2,
0,przeprowadzone,2,
0,maksymalnie,2,
0,czesciowo,2,
0,czerwca,2,
0,otrzymal,2,
0,sierpnia,2,
0,prezydenckie,2,
0,lech,2,
0,zasady,2,
0,przyjeto,2,
0,aleksander,2,
0,poziomu,2,
0,odgrywa,2,
0,role,2,
0,jerzego,2,
0,funkcji,2,
0,podstawie,2,
0,zgromadzenie,2,
0,okresla,2,
0,charakter,2,
0,glownych,2,
0,status,2,
0,wybierany,2,
0,powszechnych,2,
0,letnia,2,
0,poprzez,2,
0,ratyfikowanie,2,
0,umow,2,
0,mozliwe,2,
0,rozwiazanie,2,
0,glowe,2,
0,przyjeta,2,
0,jedynie,2,
0,okreslaja,2,
0,kazda,2,
0,izb,2,
0,prezydium,2,
0,przedstawicielem,2,
0,izby,2,
0,zewnatrz,2,
0,rozpatrzenia,2,
0,komisji,2,
0,poslowie,2,
0,kluby,2,
0,przewodniczacy,2,
0,poselskich,2,
0,dzialalnoscia,2,
0,parlamencie,2,
0,przysluguje,2,
0,art,2,
0,prezydentowi,2,
0,grupie,2,
0,trafia,2,
0,zglosic,2,
0,odrzucic,2,
0,mozna,2,
0,badz,2,
0,weto,2,
0,sejmowi,2,
0,wnioskiem,2,
0,krajach,2,
0,czlowieka,2,
0,kancelaria,2,
0,prezesa,2,
0,organami,2,
0,wykonawczej,2,
0,pelni,2,
0,zbrojnych,2,
0,sedziow,2,
0,nadawanie,2,
0,stosowanie,2,
0,organem,2,
0,rade,2,
0,glowy,2,
0,czyli,2,
0,prezes,2,
0,premier,2,
0,terminie,2,
0,expos,2,
0,przypadku,2,
0,gdyby,2,
0,kolejnych,2,
0,powoluje,2,
0,takim,2,
0,trybie,2,
0,powolany,2,
0,przewiduje,2,
0,rm,2,
0,wniosek,2,
0,wymiaru,2,
0,najwyzszy,2,
0,wojskowe,2,
0,administracyjne,2,
0,wojewodzkie,2,
0,trybunalem,2,
0,państwowych,2,
0,sedziowie,2,
0,zawodowych,2,
0,niezaleznosci,2,
0,definicja,2,
0,sobie,2,
0,publicznym,2,
0,wplywu,2,
0,ksztaltowanie,2,
0,komunizmu,2,
0,wpisaniu,2,
0,ewidencji,2,
0,dobr,2,
0,politycznymi,2,
0,okregach,2,
0,rozkladaja,2,
0,palikota,2,
0,poniewaz,2,
0,polskiedytuj,2,
0,stosunkow,2,
0,regionu,2,
0,regionalnej,2,
0,czterech,2,
0,srodkowowschodniej,2,
0,radoslaw,2,
0,uczestnictwa,2,
0,obywatelom,2,
0,powietrzne,2,
0,wojenna,2,
0,operacji,2,
0,skladaja,2,
0,obrony,2,
0,marynarka,2,
0,odpowiada,2,
0,flota,2,
0,wielkopolskie,2,
0,lodzkie,2,
0,podkarpackie,2,
0,lubelskie,2,
0,malopolskie,2,
0,dolnoslaskie,2,
0,zachodniopomorskie,2,
0,obowiazuje,2,
0,wojewodztw,2,
0,sumie,2,
0,powiatu,2,
0,wyroznia,2,
0,jednostki,2,
0,gminy,2,
0,gliwice,2,
0,kolobrzeg,2,
0,swinoujscie,2,
0,rysy,2,
0,austria,2,
0,radom,2,
0,morze,2,
0,baltyckie,2,
0,j,2,
0,lublin,2,
0,bialystok,2,
0,czestochowa,2,
0,raczki,2,
0,elblaskie,2,
0,mapa,2,
0,wymiarze,2,
0,zima,2,
0,lezy,2,
0,strefie,2,
0,srodkowoeuropejskiego,2,
0,czas,2,
0,zielonej,2,
0,geometryczny,2,
0,srodek,2,
0,wojewodztwie,2,
0,podlaskim,2,
0,zachodnia,2,
0,geograficzne,2,
0,szer,2,
0,szczyt,2,
0,dlug,2,
0,warta,2,
0,stosunkowo,2,
0,nieco,2,
0,laczna,2,
0,spowodowane,2,
0,porownania,2,
0,tam,2,
0,sudety,2,
0,karpaty,2,
0,szczytow,2,
0,gorskich,2,
0,tatrach,2,
0,punktem,2,
0,wyzszych,2,
0,waha,2,
0,tarnowa,2,
0,ziemi,2,
0,lubuskiej,2,
0,zwiazane,2,
0,rocznie,2,
0,slubic,2,
0,glogowa,2,
0,pokrywa,2,
0,sniezna,2,
0,wzrasta,2,
0,gora,2,
0,blisko,2,
0,roslin,2,
0,zubr,2,
0,znaczna,2,
0,ale,2,
0,owadow,2,
0,dzieli,2,
0,slaska,2,
0,gatunkowy,2,
0,fauny,2,
0,ostatnim,2,
0,krajowych,2,
0,zwierzeta,2,
0,obszarow,2,
0,gatunkami,2,
0,typowymi,2,
0,typu,2,
0,sredniowieczu,2,
0,pozniejszych,2,
0,chroni,2,
0,skali,2,
0,parki,2,
0,tysiacach,2,
0,wies,2,
0,zalozona,2,
0,wieksza,2,
0,państwowosci,2,
0,końcu,2,
0,utraty,2,
0,czym,2,
0,innym,2,
0,innej,2,
0,wiec,2,
0,lacznie,2,
0,kolejny,2,
0,wyz,2,
0,obserwuje,2,
0,niemniej,2,
0,mlodych,2,
0,rodziny,2,
0,nowym,2,
0,poziomie,2,
0,starszych,2,
0,przemysle,2,
0,przyroscie,2,
0,naturalnym,2,
0,migracji,2,
0,struktura,2,
0,slazacy,2,
0,bialorusini,2,
0,ukraińcy,2,
0,romowie,2,
0,rosjanie,2,
0,lemkowie,2,
0,litwini,2,
0,bez,2,
0,glowna,2,
0,niemieckiego,2,
0,jezykow,2,
0,kaszubski,2,
0,jezyki,2,
0,zadeklarowalo,2,
0,pracownikow,2,
0,bialorusi,2,
0,chiny,2,
0,poludniowej,2,
0,zgonow,2,
0,liczy,2,
0,najwiekszych,2,
0,aglomeracja,2,
0,toruń,2,
0,klasztor,2,
0,jasnej,2,
0,gorze,2,
0,wyznaniowe,2,
0,starokatolicki,2,
0,mariawitow,2,
0,katolickich,2,
0,licza,2,
0,chrystusowy,2,
0,wiary,2,
0,pisma,2,
0,swietego,2,
0,swietych,2,
0,dniach,2,
0,religijny,2,
0,praktykujacych,2,
0,swiadomosci,2,
0,niedzielnych,2,
0,nabozeństwach,2,
0,diecezje,2,
0,religijnymi,2,
0,kosciolow,2,
0,weszly,2,
0,dane,2,
0,fryderyk,2,
0,chopin,2,
0,ukrainie,2,
0,tamze,2,
0,wielkiej,2,
0,brytanii,2,
0,poland,2,
0,ernest,2,
0,najszerzej,2,
0,znanym,2,
0,papiez,2,
0,wloch,2,
0,inni,2,
0,znani,2,
0,wybitni,2,
0,matematycy,2,
0,fizyk,2,
0,pracujaca,2,
0,paryzu,2,
0,marian,2,
0,wlasny,2,
0,profesor,2,
0,emeritus,2,
0,klasy,2,
0,francuski,2,
0,artysci,2,
0,abakanowicz,2,
0,popularnosc,2,
0,paris,2,
0,rezyser,2,
0,polański,2,
0,agnieszka,2,
0,holland,2,
0,aktorka,2,
0,marek,2,
0,mozaika,2,
0,irlandii,2,
0,wloszech,2,
0,wynosil,2,
0,zmierzeniu,2,
0,parytetem,2,
0,sredniej,2,
0,per,2,
0,capita,2,
0,oecd,2,
0,sektor,2,
0,uslug,2,
0,wyniosla,2,
0,bardzo,2,
0,hdi,2,
0,uwage,2,
0,gielda,2,
0,kghm,2,
0,pkn,2,
0,orlen,2,
0,francja,2,
0,zagraniczne,2,
0,t,2,
0,uzytku,2,
0,importu,2,
0,stopa,2,
0,zimowych,2,
0,gdy,2,
0,sektorze,2,
0,bezrobocie,2,
0,szacowany,2,
0,dal,2,
0,maszyny,2,
0,urzadzenia,2,
0,transportowe,2,
0,towary,2,
0,najwazniejszymi,2,
0,partnerami,2,
0,handlowymi,2,
0,obrotu,2,
0,dwoch,2,
0,tuz,2,
0,zajela,2,
0,investment,2,
0,uznany,2,
0,foreign,2,
0,autostrady,2,
0,twardej,2,
0,samochodow,2,
0,szt,2,
0,droga,2,
0,ic,2,
0,ec,2,
0,odpowiedzialna,2,
0,przewoz,2,
0,sp,2,
0,oo,2,
0,obslugujaca,2,
0,polaczenia,2,
0,tj,2,
0,miedzyregionalny,2,
0,przewozy,2,
0,regionalne,2,
0,mniejszym,2,
0,prywatnych,2,
0,kolejowej,2,
0,linii,2,
0,pasazerow,2,
0,lotniska,2,
0,poznania,2,
0,gdańska,2,
0,przedsiebiorstwo,2,
0,pll,2,
0,air,2,
0,najwiekszy,2,
0,reymonta,2,
0,zielona,2,
0,dwor,2,
0,polskimi,2,
0,zegluga,2,
0,warunki,2,
0,zalew,2,
0,szczeciński,2,
0,promowe,2,
0,swinoujsciem,2,
0,sklada,2,
0,funkcjonuje,2,
0,lodzki,2,
0,telefonow,2,
0,jagielloński,2,
0,uczelni,2,
0,pracowalo,2,
0,wydatki,2,
0,akademia,2,
0,pismiennictwo,2,
0,matematyki,2,
0,warszawski,2,
0,opieki,2,
0,zdrowotnej,2,
0,zgodnie,2,
0,swiadczeń,2,
0,zamkiem,2,
0,krolewskim,2,
0,glebi,2,
0,przedromańskiej,2,
0,gotycka,2,
0,zauwaza,2,
0,oswiecenia,2,
0,romantyzmu,2,
0,pozytywizmu,2,
0,idea,2,
0,andrzeja,2,
0,kaplice,2,
0,ostrowie,2,
0,rzemiosla,2,
0,artystycznego,2,
0,najstarsze,2,
0,ewangeliarz,2,
0,tympanonow,2,
0,ksiazkowe,2,
0,egzemplifikuje,2,
0,wislicy,2,
0,drzwi,2,
0,krolow,2,
0,klasztory,2,
0,dominuje,2,
0,recepcja,2,
0,gotyku,2,
0,sakralne,2,
0,kolegiata,2,
0,nmp,2,
0,pelplinie,2,
0,warmii,2,
0,architekture,2,
0,mieszkalna,2,
0,stargardzie,2,
0,szczecińskim,2,
0,oltarza,2,
0,mariackiego,2,
0,zalicza,2,
0,krakowskim,2,
0,sepulkralnej,2,
0,nagrobki,2,
0,slaskich,2,
0,krzeszowie,2,
0,katedrze,2,
0,bozego,2,
0,ciala,2,
0,fary,2,
0,relikwiarz,2,
0,czesciej,2,
0,retabula,2,
0,oltarzowe,2,
0,najcenniejszymi,2,
0,poliptyk,2,
0,oplakiwanie,2,
0,chomranic,2,
0,muzeum,2,
0,gotyckie,2,
0,legenda,2,
0,krakowskie,2,
0,malarstwa,2,
0,stalle,2,
0,akademii,2,
0,zloty,2,
0,bogaty,2,
0,wystroj,2,
0,dekoracja,2,
0,wzniesiono,2,
0,zmienila,2,
0,upowszechnil,2,
0,malopolski,2,
0,kamienice,2,
0,zdominowal,2,
0,intensywnie,2,
0,rozwinelo,2,
0,artystyczne,2,
0,staje,2,
0,manieryzm,2,
0,kamienica,2,
0,dom,2,
0,nysie,2,
0,malopolsce,2,
0,bernardynow,2,
0,lwowie,2,
0,artystycznym,2,
0,pawla,2,
0,krakowskich,2,
0,farny,2,
0,daniel,2,
0,rokoka,2,
0,matejko,2,
0,klasycyzmem,2,
0,lazienki,2,
0,rzezbe,2,
0,dzialali,2,
0,historyzm,2,
0,lansujacy,2,
0,realizm,2,
0,zajmowala,2,
0,teodor,2,
0,pius,2,
0,feliks,2,
0,neogotycysta,2,
0,malczewski,2,
0,wiaze,2,
0,wyspiański,2,
0,szymanowski,2,
0,witkiewicz,2,
0,preferowana,2,
0,pojawily,2,
0,dzielach,2,
0,dzielo,2,
0,gustaw,2,
0,zemla,2,
0,spodek,2,
0,odbudowa,2,
0,przedstawicielami,2,
0,image,2,
0,iconsvg,2,
0,wikimedia,2,
0,galerie,2,
0,ilustracji,2,
0,powstawala,2,
0,wplywem,2,
0,anonimowa,2,
0,frycz,2,
0,modrzewski,2,
0,nurt,2,
0,literaturze,2,
0,satyra,2,
0,epoka,2,
0,duza,2,
0,uprawiali,2,
0,najpopularniejszymi,2,
0,epoki,2,
0,upadek,2,
0,powiesci,2,
0,literatury,2,
0,mickiewicza,2,
0,slowackiego,2,
0,miala,2,
0,choc,2,
0,konopnicka,2,
0,prusa,2,
0,sienkiewicza,2,
0,kolejna,2,
0,leopold,2,
0,wirtualna,2,
0,jaroslaw,2,
0,filozofowie,2,
0,filozofie,2,
0,tomizm,2,
0,via,2,
0,glowni,2,
0,reprezentanci,2,
0,recepcji,2,
0,glownymi,2,
0,ariańska,2,
0,zawieraja,2,
0,sniadecki,2,
0,nadal,2,
0,idealizmu,2,
0,adama,2,
0,waznym,2,
0,najwiekszego,2,
0,tarski,2,
0,ajdukiewicz,2,
0,kotarbiński,2,
0,osiagniec,2,
0,lesniewskiego,2,
0,historyk,2,
0,ingarden,2,
0,filmy,2,
0,zgloszone,2,
0,rywalizacji,2,
0,oscara,2,
0,filmu,2,
0,nieanglojezycznego,2,
0,polskojezyczne,2,
0,telewizji,2,
0,uruchomiona,2,
0,stacja,2,
0,telewizyjna,2,
0,prywatna,2,
0,rmf,2,
0,glos,2,
0,portalami,2,
0,bigos,2,
0,pierogi,2,
0,potrawy,2,
0,kotlet,2,
0,ziemniakow,2,
0,napojow,2,
0,napojem,2,
0,pita,2,
0,sprawa,2,
0,popularna,2,
0,prosper,2,
0,gastronomique,2,
0,isbn,2,
0,sportem,2,
0,pilka,2,
0,mistrzostwach,2,
0,letnich,2,
0,dzieki,2,
0,sukcesom,2,
0,medalisci,2,
0,igrzysk,2,
0,niedziele,2,
0,baltykiem,1,
0,karpatami,1,
0,sudetami,1,
0,dorzeczu,1,
0,wisly,1,
0,administracyjna,1,
0,kmuwagi,1,
0,dziewiate,1,
0,zamieszkana,1,
0,szoste,1,
0,rosyjska,1,
0,eksklawa,1,
0,wyznacza,1,
0,wybrzeze,1,
0,wylaczna,1,
0,ekonomiczna,1,
0,strefami,1,
0,szybko,1,
0,energetycznej,1,
0,g,1,
0,zalozycieli,1,
0,srodkowoeuropejskie,1,
0,porozumienie,1,
0,wolnym,1,
0,opuszczone,1,
0,wyszehradzka,1,
0,trojkat,1,
0,weimarski,1,
0,ukladu,1,
0,schengen,1,
0,stara,1,
0,euro,1,
0,kosmicznej,1,
0,spis,1,
0,tresci,1,
0,ukryj,1,
0,miedzywojenne,1,
0,wykonawcza,1,
0,geologiczna,1,
0,naturalne,1,
0,flora,1,
0,demografia,1,
0,demograficzne,1,
0,zatrudnienie,1,
0,zagraniczny,1,
0,wodny,1,
0,zdrowotna,1,
0,piekne,1,
0,sredniowiecze,1,
0,nowozytnosc,1,
0,publiczna,1,
0,internetowe,1,
0,uwagi,1,
0,przypisy,1,
0,bibliografia,1,
0,linki,1,
0,zewnetrzne,1,
0,etymologiaedytuj,1,
0,zrodlem,1,
0,zachodnioslowańskiego,1,
0,plemienia,1,
0,polanieuwagi,1,
0,pochodzi,1,
0,indoeuropejskiego,1,
0,wyrazu,1,
0,oznaczajacego,1,
0,uprawne,1,
0,otwarta,1,
0,przestrzeń,1,
0,zaczela,1,
0,uzywana,1,
0,odniesieniu,1,
0,xi,1,
0,funkcjonowala,1,
0,pierwotnie,1,
0,forma,1,
0,okreslenia,1,
0,ziemia,1,
0,terra,1,
0,wlasne,1,
0,endonimy,1,
0,nazw,1,
0,nadawanych,1,
0,jezykach,1,
0,egzonimy,1,
0,wywodza,1,
0,historiaedytuj,1,
0,kalendarium,1,
0,date,1,
0,przyjmowany,1,
0,uzyskal,1,
0,wybierano,1,
0,sasiednich,1,
0,wygasnieciu,1,
0,trwajacej,1,
0,dynastycznej,1,
0,oba,1,
0,zdecydowaly,1,
0,realna,1,
0,nosilo,1,
0,sprzymierzonych,1,
0,zaborcow,1,
0,odzyskala,1,
0,niepodleglosc,1,
0,bezposredni,1,
0,powod,1,
0,wybuchu,1,
0,nastepstwie,1,
0,utracilo,1,
0,uzalezniona,1,
0,jesieni,1,
0,obalono,1,
0,komunistyczna,1,
0,niedlugo,1,
0,potem,1,
0,nazywaja,1,
0,rzeczapospolita,1,
0,zreformowano,1,
0,gospodarke,1,
0,powrocono,1,
0,modelu,1,
0,rynkowego,1,
0,przystapila,1,
0,polnocnoatlantyckiego,1,
0,polskichedytuj,1,
0,starozytnosci,1,
0,odmiennych,1,
0,lingwistyczne,1,
0,kwestia,1,
0,ekspansji,1,
0,niepewna,1,
0,odkryto,1,
0,pozostalosci,1,
0,osady,1,
0,biskupińskiej,1,
0,pne,1,
0,wiazacej,1,
0,kregiem,1,
0,luzyckiej,1,
0,piastowedytuj,1,
0,zjednoczone,1,
0,uformowala,1,
0,jednolicie,1,
0,zarzadzane,1,
0,potwierdzonym,1,
0,zwalczanie,1,
0,pogańskich,1,
0,wierzeń,1,
0,chrystianizacje,1,
0,przyjecie,1,
0,mialo,1,
0,owczesnym,1,
0,mieszka,1,
0,boleslaw,1,
0,chrobry,1,
0,kontynuujac,1,
0,ojca,1,
0,zorganizowal,1,
0,zjazd,1,
0,krzywoustego,1,
0,potomkow,1,
0,rozbicie,1,
0,dzielnicowe,1,
0,brodaty,1,
0,pobozny,1,
0,zjednoczyli,1,
0,dzielnice,1,
0,slask,1,
0,malopolske,1,
0,najazdach,1,
0,mongolow,1,
0,zakończonych,1,
0,kleskami,1,
0,chmielnikiem,1,
0,legnica,1,
0,rozpadlo,1,
0,zjednoczenia,1,
0,dokonal,1,
0,lokietek,1,
0,koronowal,1,
0,umocnil,1,
0,rozszerzyl,1,
0,pozycje,1,
0,regionie,1,
0,poszerzyl,1,
0,zawarl,1,
0,kompromisowe,1,
0,sojusze,1,
0,przeprowadzil,1,
0,budownictwie,1,
0,wygasla,1,
0,andegawenowedytuj,1,
0,wegierski,1,
0,zarazem,1,
0,supremacji,1,
0,szlachty,1,
0,politycznym,1,
0,obdarzonej,1,
0,koszycach,1,
0,przywilejem,1,
0,generalnym,1,
0,zmarl,1,
0,najdluzszego,1,
0,bezkrolewia,1,
0,ostatecznie,1,
0,krolem,1,
0,corka,1,
0,ludwika,1,
0,jadwiga,1,
0,andegaweńska,1,
0,weszla,1,
0,malzeński,1,
0,ksieciem,1,
0,jagiella,1,
0,wladce,1,
0,jagiellonowedytuj,1,
0,zawarla,1,
0,ksiestwem,1,
0,grunwaldem,1,
0,polskolitewska,1,
0,odniosla,1,
0,zdecydowane,1,
0,zwyciestwo,1,
0,zagrazajacym,1,
0,obu,1,
0,państwom,1,
0,zakonem,1,
0,krzyzackim,1,
0,trzynastoletniej,1,
0,zakon,1,
0,wasalem,1,
0,ekonomii,1,
0,osobistosciami,1,
0,kopernik,1,
0,kochanowski,1,
0,rozpowszechniona,1,
0,tolerancja,1,
0,oddzialy,1,
0,zwycieskiej,1,
0,bitwach,1,
0,formacji,1,
0,husarii,1,
0,najazdow,1,
0,tatarskich,1,
0,narodowedytuj,1,
0,zawarly,1,
0,lubelska,1,
0,utworzona,1,
0,nowo,1,
0,automatycznie,1,
0,zostawal,1,
0,litwy,1,
0,nigdy,1,
0,podnoszony,1,
0,litewskie,1,
0,wolna,1,
0,elekcje,1,
0,owczesna,1,
0,uchwaleniu,1,
0,konfederacji,1,
0,warszawskiej,1,
0,nazywana,1,
0,azylem,1,
0,heretykow,1,
0,sciagali,1,
0,przesladowani,1,
0,zachoniej,1,
0,mennonici,1,
0,antytrynitarze,1,
0,wypedzani,1,
0,inkwizycje,1,
0,zydzi,1,
0,hugenoci,1,
0,szlachta,1,
0,liczniejsza,1,
0,zachodzie,1,
0,korzystala,1,
0,przywilejow,1,
0,zlotej,1,
0,nazywanym,1,
0,zlotym,1,
0,wiekiem,1,
0,powiekszala,1,
0,stajac,1,
0,uwiklana,1,
0,kozakami,1,
0,chmielnickiego,1,
0,polskorosyjska,1,
0,nieefektywnoscia,1,
0,wskutek,1,
0,liberum,1,
0,veto,1,
0,zaleznosci,1,
0,sasiadow,1,
0,sobieski,1,
0,rozgromic,1,
0,turecka,1,
0,wiedniem,1,
0,proby,1,
0,poniatowski,1,
0,powolal,1,
0,czteroletni,1,
0,uchwalil,1,
0,zaboramiedytuj,1,
0,polozyly,1,
0,kres,1,
0,probom,1,
0,naprawy,1,
0,przestala,1,
0,istniec,1,
0,terytoria,1,
0,zbrojnie,1,
0,politycznie,1,
0,podejmowali,1,
0,odzyskanie,1,
0,napoleon,1,
0,utworzyl,1,
0,podlegle,1,
0,kongresie,1,
0,wiedeńskim,1,
0,napoleońskich,1,
0,zadecydowaly,1,
0,podziale,1,
0,ksiestwa,1,
0,kongresowe,1,
0,wlasna,1,
0,carem,1,
0,glowa,1,
0,ograniczano,1,
0,trwalo,1,
0,listopadowe,1,
0,drugiej,1,
0,uzyskala,1,
0,znajdujaca,1,
0,austriackim,1,
0,galicja,1,
0,stlumieniu,1,
0,przylaczone,1,
0,austrii,1,
0,zaspokoic,1,
0,ambicje,1,
0,poznańskie,1,
0,powstaniach,1,
0,wielkopolskich,1,
0,zlikwidowano,1,
0,styczniowe,1,
0,miedzywojenneedytuj,1,
0,naczelnik,1,
0,siedziba,1,
0,prezydentow,1,
0,formalny,1,
0,wojskowa,1,
0,objal,1,
0,wycofaly,1,
0,tworzace,1,
0,wlasnie,1,
0,instytucje,1,
0,nadaly,1,
0,ententy,1,
0,zaaprobowaly,1,
0,niepodleglego,1,
0,ogloszeniu,1,
0,okresem,1,
0,niepokojow,1,
0,prowadzila,1,
0,szesc,1,
0,swoimi,1,
0,sasiadami,1,
0,toczyly,1,
0,dotyczace,1,
0,przeciwko,1,
0,niemieckim,1,
0,wladzom,1,
0,dochodzilo,1,
0,czechoslowacja,1,
0,sporne,1,
0,graniczne,1,
0,najpowazniejszym,1,
0,konfliktem,1,
0,wygrana,1,
0,polskobolszewicka,1,
0,podstawowym,1,
0,problemem,1,
0,samego,1,
0,wywodzila,1,
0,trzech,1,
0,trudnoscia,1,
0,mniejszosciami,1,
0,narodowymi,1,
0,okreslajacych,1,
0,ukraińcow,1,
0,bialorusinow,1,
0,niemcow,1,
0,mieszkalo,1,
0,wsi,1,
0,problemami,1,
0,bieda,1,
0,przeludnienie,1,
0,scena,1,
0,miejscem,1,
0,silnych,1,
0,czolowe,1,
0,demokracja,1,
0,prezentowaly,1,
0,diametralnie,1,
0,rozne,1,
0,wizje,1,
0,tragicznym,1,
0,rezultatem,1,
0,zabojstwo,1,
0,zwiazanego,1,
0,psl,1,
0,gabriela,1,
0,narutowicza,1,
0,przyjela,1,
0,tekst,1,
0,rosnaca,1,
0,grabskiego,1,
0,walute,1,
0,zlotego,1,
0,wydobywczy,1,
0,rozbudowywano,1,
0,elektryczna,1,
0,kolejowa,1,
0,zbudowano,1,
0,centralny,1,
0,okreg,1,
0,przemyslowy,1,
0,morski,1,
0,intensywnego,1,
0,malarskie,1,
0,naukowe,1,
0,inwestowalo,1,
0,nauczanie,1,
0,poczatkowe,1,
0,kryzysu,1,
0,politycznego,1,
0,doprowadzil,1,
0,wojskowego,1,
0,zamachu,1,
0,znanego,1,
0,przewrot,1,
0,majowy,1,
0,przewrotu,1,
0,przeksztalcony,1,
0,ktorym,1,
0,obejmowal,1,
0,slowa,1,
0,powaznie,1,
0,ograniczona,1,
0,wspolpracownicy,1,
0,tworzacy,1,
0,sanacja,1,
0,pulkownikow,1,
0,dalszego,1,
0,rozszerzenia,1,
0,radykalnych,1,
0,postaw,1,
0,swiatowaedytuj,1,
0,defilada,1,
0,sowieckiej,1,
0,kapitulacji,1,
0,waly,1,
0,hetmańskie,1,
0,grand,1,
0,hotelu,1,
0,kampania,1,
0,wrzesniowa,1,
0,agresja,1,
0,okupacja,1,
0,zolnierze,1,
0,niemieccy,1,
0,zdejmujacy,1,
0,szlaban,1,
0,hitlerowskich,1,
0,uderzyly,1,
0,tygodniach,1,
0,inwazji,1,
0,rozegralo,1,
0,wazniejszych,1,
0,bitew,1,
0,bzura,1,
0,oblezenie,1,
0,oblezeniem,1,
0,ewakuacja,1,
0,rumunii,1,
0,natarcie,1,
0,skutkiem,1,
0,tajnego,1,
0,rzesza,1,
0,poczatkow,1,
0,skapitulowali,1,
0,obrońcy,1,
0,zakończyla,1,
0,ostatnia,1,
0,wrzesniowej,1,
0,podzielone,1,
0,radziecki,1,
0,tymi,1,
0,zajete,1,
0,wcielone,1,
0,wlaczona,1,
0,rzeszy,1,
0,generalne,1,
0,gubernatorstwo,1,
0,wprowadzeniem,1,
0,okupacyjnej,1,
0,egzekucje,1,
0,pelniacych,1,
0,zaangazowanych,1,
0,szczegolny,1,
0,rodzaj,1,
0,przesladowań,1,
0,wymierzony,1,
0,zydowska,1,
0,zydowskiego,1,
0,zmuszone,1,
0,zamknietych,1,
0,dzielnicach,1,
0,gettach,1,
0,odebrane,1,
0,wszelkie,1,
0,obozach,1,
0,obywatelami,1,
0,hitlerowcy,1,
0,prowadzili,1,
0,wysiedlenia,1,
0,pozbawionych,1,
0,przymusowej,1,
0,odpowiedzia,1,
0,zbrojna,1,
0,podziemnego,1,
0,kulminacja,1,
0,akcja,1,
0,burza,1,
0,getcie,1,
0,warszawskim,1,
0,miedzynarodowo,1,
0,uznana,1,
0,kontynuacja,1,
0,wladz,1,
0,ludowaedytuj,1,
0,stoczni,1,
0,gdańskiej,1,
0,kolebce,1,
0,manifest,1,
0,rozpisaniu,1,
0,utorowaly,1,
0,przemianom,1,
0,nacierajaca,1,
0,hitlerowskie,1,
0,przekroczyla,1,
0,przedwojenna,1,
0,wyzwolenia,1,
0,mial,1,
0,wyzwolonych,1,
0,radzieckie,1,
0,wchodzili,1,
0,wyznaczeni,1,
0,jozefa,1,
0,komunistyczni,1,
0,tymczasowy,1,
0,jednosci,1,
0,cofnely,1,
0,wyeliminowaly,1,
0,opozycyjne,1,
0,wprowadzily,1,
0,przeciwnikow,1,
0,konspiracyjnych,1,
0,sfalszowanych,1,
0,powojennego,1,
0,zdobyly,1,
0,wyzwoleniu,1,
0,zasiedlenie,1,
0,odzyskanych,1,
0,nacjonalizacje,1,
0,reforme,1,
0,rolnictwa,1,
0,zniszczeń,1,
0,wojennych,1,
0,zniszczonej,1,
0,robotnicza,1,
0,spowodowalo,1,
0,faktyczne,1,
0,wprowadzenie,1,
0,zmienilo,1,
0,zwiekszono,1,
0,przesladowania,1,
0,katolickiego,1,
0,przedwojennych,1,
0,odbyl,1,
0,generalny,1,
0,krwawo,1,
0,radzieckim,1,
0,przeprowadzonych,1,
0,zmniejszono,1,
0,przywodca,1,
0,sekretarz,1,
0,pzpr,1,
0,relacji,1,
0,spoleczeństwem,1,
0,zaprzestano,1,
0,rozbily,1,
0,studentow,1,
0,pretekstem,1,
0,antysemickiej,1,
0,antyinteligenckiej,1,
0,kolejnej,1,
0,fali,1,
0,stlumionych,1,
0,sekretarza,1,
0,ekipa,1,
0,podjela,1,
0,przyspieszania,1,
0,wprowadzonych,1,
0,ekipe,1,
0,gierka,1,
0,finansowano,1,
0,pozyczek,1,
0,budowe,1,
0,zakladow,1,
0,przemyslowych,1,
0,zmechanizowano,1,
0,rolnictwo,1,
0,masowo,1,
0,osiedla,1,
0,mieszkaniowe,1,
0,podniosl,1,
0,dostepnosc,1,
0,produktow,1,
0,zarobkow,1,
0,bledow,1,
0,centralnie,1,
0,planowanej,1,
0,doprowadzono,1,
0,zalamania,1,
0,zwiekszenia,1,
0,zadluzenia,1,
0,zagranicznego,1,
0,zmusilo,1,
0,wprowadzenia,1,
0,podwyzek,1,
0,cen,1,
0,zywnosci,1,
0,zareagowalo,1,
0,fala,1,
0,protestow,1,
0,uczestnicy,1,
0,objeci,1,
0,represjami,1,
0,protesty,1,
0,antykomunistycznej,1,
0,kolejne,1,
0,sierpniu,1,
0,protestujacymi,1,
0,podpisano,1,
0,sierpniowe,1,
0,gwarantowaly,1,
0,legalnego,1,
0,zawodowego,1,
0,odsuniety,1,
0,kania,1,
0,zastapil,1,
0,jaruzelski,1,
0,rocznym,1,
0,wzglednej,1,
0,swobody,1,
0,spolecznej,1,
0,likwidacja,1,
0,wszelkich,1,
0,swobod,1,
0,masowymi,1,
0,aresztowaniami,1,
0,wprowadzaniem,1,
0,stan,1,
0,wojenny,1,
0,trwal,1,
0,podpisanie,1,
0,kwasniewskiego,1,
0,traktatu,1,
0,dotyczacego,1,
0,przystapienia,1,
0,miejscach,1,
0,oslabione,1,
0,stlumic,1,
0,lechem,1,
0,dzialaczami,1,
0,zakończone,1,
0,zezwolily,1,
0,legalizacje,1,
0,czesciowym,1,
0,dopuszczeniu,1,
0,rozmow,1,
0,ustalono,1,
0,zostana,1,
0,kandydaci,1,
0,mogli,1,
0,otrzymac,1,
0,dowolna,1,
0,zobowiazaly,1,
0,dopuszczenia,1,
0,mediow,1,
0,zakończenia,1,
0,represji,1,
0,opozycjonistow,1,
0,obywatelski,1,
0,dopuszczona,1,
0,demokratyczny,1,
0,tadeusza,1,
0,mazowieckiego,1,
0,wygral,1,
0,demokratyczne,1,
0,przeprowadzily,1,
0,istotnych,1,
0,poczatkowo,1,
0,zmieniajace,1,
0,przywracajace,1,
0,godla,1,
0,orla,1,
0,koronie,1,
0,odrzucajace,1,
0,komunistycznego,1,
0,gospodarczych,1,
0,znanych,1,
0,balcerowicza,1,
0,polegajacy,1,
0,wolnego,1,
0,obnizeniu,1,
0,inflacji,1,
0,deficytu,1,
0,budzetowego,1,
0,dazeniu,1,
0,przyspieszenia,1,
0,okreslajaca,1,
0,funkcjonujace,1,
0,dzisiaj,1,
0,kolejnymi,1,
0,prezydentami,1,
0,kwasniewski,1,
0,kaczyński,1,
0,komorowski,1,
0,uksztaltowania,1,
0,ekip,1,
0,rzadowych,1,
0,znacznego,1,
0,strategicznym,1,
0,dwudziestolecia,1,
0,osiagniete,1,
0,odpowiednio,1,
0,istotna,1,
0,rozszerzonej,1,
0,znakiem,1,
0,pelnienie,1,
0,buzka,1,
0,przewodniczacego,1,
0,politycznyedytuj,1,
0,parlamentarna,1,
0,systemem,1,
0,parlamentarnogabinetowym,1,
0,opierajaca,1,
0,trojpodziale,1,
0,konstytucjaedytuj,1,
0,najwazniejszy,1,
0,akt,1,
0,uchwalony,1,
0,zatwierdzony,1,
0,ogolnonarodowym,1,
0,referendum,1,
0,ogloszony,1,
0,dz,1,
0,nr,1,
0,poz,1,
0,wszedl,1,
0,zlozona,1,
0,preambuly,1,
0,rozdzialow,1,
0,państwowego,1,
0,ukazuje,1,
0,zorganizowania,1,
0,definiuje,1,
0,wplywania,1,
0,ustawodawczaedytuj,1,
0,sala,1,
0,obrad,1,
0,dwuizbowy,1,
0,parlament,1,
0,bezposrednich,1,
0,tajnych,1,
0,posiedzenia,1,
0,stanowienie,1,
0,uchwalanie,1,
0,konstytucyjnych,1,
0,zwyklych,1,
0,budzetowej,1,
0,wyjatkowych,1,
0,przypadkach,1,
0,opisanych,1,
0,uplywem,1,
0,uchwale,1,
0,przedluzenie,1,
0,wyjatkowego,1,
0,miesiecy,1,
0,porzadek,1,
0,powolywania,1,
0,regulaminy,1,
0,uchwalone,1,
0,swego,1,
0,grona,1,
0,wybieraja,1,
0,marszalka,1,
0,wicemarszalkow,1,
0,marszalek,1,
0,nizszej,1,
0,przewodniczy,1,
0,obradom,1,
0,powoluja,1,
0,zadanie,1,
0,przygotowywanie,1,
0,projektow,1,
0,ustawodawstwa,1,
0,nadzwyczajne,1,
0,powolywane,1,
0,konkretnych,1,
0,spraw,1,
0,ulegajace,1,
0,rozwiazaniu,1,
0,wykonaniu,1,
0,zadania,1,
0,specjalnym,1,
0,rodzajem,1,
0,nadzwyczajnej,1,
0,sejmowa,1,
0,komisja,1,
0,sledcza,1,
0,senatorowie,1,
0,tworzyc,1,
0,skladajace,1,
0,parlamentarzystow,1,
0,kola,1,
0,poselskie,1,
0,potrzeba,1,
0,czlonkami,1,
0,konwent,1,
0,seniorow,1,
0,organ,1,
0,zapewniajacy,1,
0,wspoldzialanie,1,
0,tokiem,1,
0,poslom,1,
0,senatorom,1,
0,mandatu,1,
0,immunitet,1,
0,legislacyjnyedytuj,1,
0,inicjatywy,1,
0,ustawodawczej,1,
0,senatowi,1,
0,sejmowej,1,
0,projekt,1,
0,ustawy,1,
0,marszalkowskiej,1,
0,odbywaja,1,
0,czytania,1,
0,rozpatruje,1,
0,poprawki,1,
0,odrzuceniu,1,
0,wraca,1,
0,sprzeciw,1,
0,uchwalona,1,
0,przyjac,1,
0,podpisac,1,
0,przekazac,1,
0,ponownego,1,
0,odrzucone,1,
0,izbe,1,
0,nizsza,1,
0,wystapic,1,
0,trybunalu,1,
0,konstytucyjnego,1,
0,zbadanie,1,
0,zgodnosci,1,
0,podpisana,1,
0,publikuje,1,
0,dzienniku,1,
0,prawnyedytuj,1,
0,stanowionego,1,
0,tzn,1,
0,wykorzystuje,1,
0,procesie,1,
0,zjawiska,1,
0,precedensu,1,
0,wystepujacego,1,
0,anglosaskich,1,
0,wykonawczaedytuj,1,
0,prezydencki,1,
0,prezydenckich,1,
0,wygrywa,1,
0,ten,1,
0,kandydat,1,
0,otrzyma,1,
0,stosunkach,1,
0,wewnetrznych,1,
0,zwierzchnika,1,
0,stoi,1,
0,strazy,1,
0,nienaruszalnosci,1,
0,niepodzielnosci,1,
0,czuwa,1,
0,przestrzeganiem,1,
0,uprawnień,1,
0,podpisywanie,1,
0,przyjetych,1,
0,powolywanie,1,
0,obywatelstwa,1,
0,doradczym,1,
0,waznych,1,
0,interesu,1,
0,zwolac,1,
0,gabinetowa,1,
0,wspolne,1,
0,posiedzenie,1,
0,pelnieniu,1,
0,wykonywaniu,1,
0,obowiazkow,1,
0,pomaga,1,
0,kolegialnym,1,
0,wchodza,1,
0,wicepremierzy,1,
0,ministrowie,1,
0,komitetow,1,
0,tryb,1,
0,tworzenia,1,
0,okreslony,1,
0,desygnuje,1,
0,prezesem,1,
0,udzielenie,1,
0,poparcia,1,
0,uchwala,1,
0,ustawowej,1,
0,udzielono,1,
0,wybiera,1,
0,proponowanych,1,
0,samych,1,
0,regul,1,
0,glosowania,1,
0,odbiera,1,
0,przysiege,1,
0,wypadek,1,
0,nastepnych,1,
0,udziela,1,
0,razie,1,
0,nieudzielenia,1,
0,skraca,1,
0,zarzadza,1,
0,prezydenci,1,
0,premierzy,1,
0,sklady,1,
0,administracja,1,
0,sadowniczaedytuj,1,
0,gmach,1,
0,sadu,1,
0,najwyzszego,1,
0,wymiar,1,
0,rejonowe,1,
0,okregowe,1,
0,apelacyjne,1,
0,szczegolne,1,
0,naczelny,1,
0,wespol,1,
0,konstytucyjnym,1,
0,niezawisla,1,
0,podstawa,1,
0,sadowniczej,1,
0,niezalezne,1,
0,trybunaly,1,
0,wydaja,1,
0,wyroki,1,
0,imieniu,1,
0,wszyscy,1,
0,czlonkowie,1,
0,trybunalow,1,
0,podlegaja,1,
0,ustawom,1,
0,nalezec,1,
0,zadnej,1,
0,ani,1,
0,apolitycznosc,1,
0,wolno,1,
0,prowadzic,1,
0,sprzecznej,1,
0,zasadami,1,
0,sadow,1,
0,niezawislosci,1,
0,kompetencji,1,
0,orzekanie,1,
0,rozpoznawanych,1,
0,zakresu,1,
0,karnego,1,
0,cywilnego,1,
0,administracyjnego,1,
0,polityczneedytuj,1,
0,zapisana,1,
0,pelna,1,
0,brzmiaca,1,
0,dobrowolna,1,
0,organizacja,1,
0,wystepujaca,1,
0,okreslona,1,
0,stawiajaca,1,
0,cel,1,
0,wywieranie,1,
0,metodami,1,
0,demokratycznymi,1,
0,sprawowanie,1,
0,zakazuje,1,
0,odwolujacych,1,
0,programach,1,
0,totalitarnych,1,
0,metod,1,
0,praktyk,1,
0,nazizmu,1,
0,faszyzmu,1,
0,zaklada,1,
0,dopuszcza,1,
0,nienawisc,1,
0,rasowa,1,
0,narodowosciowa,1,
0,przemocy,1,
0,zdobycia,1,
0,albo,1,
0,utajnienie,1,
0,struktur,1,
0,lamie,1,
0,podlega,1,
0,prowadzonej,1,
0,okregowy,1,
0,musi,1,
0,poparty,1,
0,tysiac,1,
0,pelnoletnich,1,
0,ewidencja,1,
0,jawna,1,
0,dostepna,1,
0,kazdego,1,
0,moc,1,
0,objeta,1,
0,przewidziana,1,
0,osobistych,1,
0,rozklad,1,
0,kol,1,
0,ulegly,1,
0,zmianie,1,
0,zaznaczyly,1,
0,preferencjami,1,
0,wygrala,1,
0,wylaczeniem,1,
0,okregu,1,
0,podwarszawskiego,1,
0,lodzkiego,1,
0,wygralo,1,
0,miastach,1,
0,wojewodzkich,1,
0,rzeszowa,1,
0,kielc,1,
0,lid,1,
0,sila,1,
0,udalo,1,
0,osiagnac,1,
0,sojusz,1,
0,lewicy,1,
0,demokratycznej,1,
0,mniejszosc,1,
0,mandat,1,
0,sld,1,
0,przeszedl,1,
0,kopyciński,1,
0,zawiazany,1,
0,klub,1,
0,solidarna,1,
0,utworzylo,1,
0,cimoszewicz,1,
0,kutza,1,
0,marka,1,
0,borowskiego,1,
0,rafal,1,
0,dutkiewicz,1,
0,zagranicznaedytuj,1,
0,podstawowe,1,
0,pozostawaly,1,
0,niezmienne,1,
0,rzadzie,1,
0,czlonkostwo,1,
0,wspoltworzenie,1,
0,stabilnego,1,
0,opartego,1,
0,wspoldzialaniu,1,
0,uze,1,
0,obwe,1,
0,utrzymywanie,1,
0,dobrosasiedzkich,1,
0,dzialanie,1,
0,zrownowazona,1,
0,popieranie,1,
0,procesow,1,
0,rozbrojeniowych,1,
0,tozsamosci,1,
0,dziedzictwa,1,
0,kulturowego,1,
0,rozwiniete,1,
0,kontakty,1,
0,poczatkach,1,
0,koncentrowala,1,
0,priorytetach,1,
0,osiagnieciu,1,
0,umacnianiu,1,
0,poprawie,1,
0,zagranica,1,
0,umacnianie,1,
0,stabilnosci,1,
0,pozycji,1,
0,minister,1,
0,sikorski,1,
0,sformulowal,1,
0,pieciu,1,
0,silna,1,
0,moca,1,
0,solidarnej,1,
0,pelniejsze,1,
0,wykorzystywanie,1,
0,mozliwosci,1,
0,swiatowym,1,
0,systemie,1,
0,bezpieczeństwo,1,
0,energetyczne,1,
0,dywersyfikacja,1,
0,szlakow,1,
0,dostaw,1,
0,surowcow,1,
0,zaangazowanie,1,
0,stabilizacyjne,1,
0,modernizacja,1,
0,ulokowanie,1,
0,elementow,1,
0,sojuszu,1,
0,rozszerzenie,1,
0,ukraine,1,
0,gruzje,1,
0,wzmocnienie,1,
0,wizerunku,1,
0,zwiekszenie,1,
0,konsularnych,1,
0,reforma,1,
0,edukacyjnego,1,
0,pozwoli,1,
0,mieszkajacym,1,
0,kontynuacje,1,
0,reedukacje,1,
0,chcieli,1,
0,wrocic,1,
0,glosowanie,1,
0,korespondencyjne,1,
0,internet,1,
0,nowoczesna,1,
0,sluzba,1,
0,dyplomatyczna,1,
0,zbrojneedytuj,1,
0,f,1,
0,okreslenie,1,
0,dzielacego,1,
0,ladowe,1,
0,specjalne,1,
0,marynarke,1,
0,obrona,1,
0,atakami,1,
0,wspolpraca,1,
0,sz,1,
0,liczyly,1,
0,zolnierzy,1,
0,poborowych,1,
0,sluzbie,1,
0,czynnej,1,
0,powietrznych,1,
0,prowadzenie,1,
0,majacych,1,
0,uzyskanie,1,
0,przewagi,1,
0,powietrzu,1,
0,wspieranie,1,
0,oddzialow,1,
0,rodzajow,1,
0,przeciwlotniczej,1,
0,radiotechnicznych,1,
0,prekursorem,1,
0,blekitnej,1,
0,nosily,1,
0,powietrznej,1,
0,obrone,1,
0,wod,1,
0,terytorialnych,1,
0,organizacyjnym,1,
0,zwiazkiem,1,
0,operacyjnym,1,
0,wojennomorskiej,1,
0,datuje,1,
0,wspolczesne,1,
0,operacjach,1,
0,pokojowych,1,
0,administracyjnyedytuj,1,
0,unitarnym,1,
0,lokalnej,1,
0,opiera,1,
0,dualizmie,1,
0,agendami,1,
0,administracji,1,
0,rzadowej,1,
0,zadań,1,
0,niezastrzezonych,1,
0,podstawowa,1,
0,jednostke,1,
0,gmina,1,
0,location,1,
0,mapsvg,1,
0,lubuskie,1,
0,warminskomazurskie,1,
0,herbsvg,1,
0,opolskie,1,
0,trzystopniowy,1,
0,skladajacych,1,
0,prawach,1,
0,miejskich,1,
0,miejskowiejskich,1,
0,terytorialnyedytuj,1,
0,trojszczeblowy,1,
0,gminny,1,
0,powiatowy,1,
0,samorzadu,1,
0,terytorialnego,1,
0,powiaty,1,
0,osobowosc,1,
0,zapewniony,1,
0,dochodach,1,
0,stanowiacych,1,
0,rowne,1,
0,bezposrednie,1,
0,przeprowadzane,1,
0,glosowaniu,1,
0,tajnym,1,
0,geografiaedytuj,1,
0,hartapng,1,
0,ukra,1,
0,ina,1,
0,bialo,1,
0,rus,1,
0,czechy,1,
0,ustka,1,
0,bornholm,1,
0,dania,1,
0,fizycznogeograficznych,1,
0,hydrograficzna,1,
0,nastepujacymi,1,
0,morskiej,1,
0,dokonano,1,
0,pewnych,1,
0,korekt,1,
0,polnocpoludnie,1,
0,rozciaga,1,
0,powoduje,1,
0,trwania,1,
0,polnocna,1,
0,czescia,1,
0,dzień,1,
0,dluzszy,1,
0,godzine,1,
0,odwrotnie,1,
0,wschodzachod,1,
0,rozpietosc,1,
0,katowej,1,
0,czasu,1,
0,sloneczny,1,
0,poludnika,1,
0,przebiegajacego,1,
0,zachod,1,
0,jeleniej,1,
0,gorzowa,1,
0,wielkopolskiego,1,
0,szczecina,1,
0,piatku,1,
0,leczycy,1,
0,najstarszy,1,
0,obliczony,1,
0,suchowoli,1,
0,sokolki,1,
0,przebiega,1,
0,kontynentalnym,1,
0,blokiem,1,
0,rozczlonkowana,1,
0,wspolrzedne,1,
0,skrajnych,1,
0,punktow,1,
0,opolonek,1,
0,jastrzebia,1,
0,gorauwagi,1,
0,gminie,1,
0,wladyslawowo,1,
0,luk,1,
0,osinowa,1,
0,dolnego,1,
0,kolano,1,
0,bugu,1,
0,zosina,1,
0,jezioraedytuj,1,
0,najdluzsze,1,
0,bug,1,
0,odcinek,1,
0,narew,1,
0,san,1,
0,sniardwy,1,
0,mamry,1,
0,mazurach,1,
0,plytkie,1,
0,morenowe,1,
0,najglebszym,1,
0,jeziorem,1,
0,jezioro,1,
0,hańcza,1,
0,bardziej,1,
0,pojezierzu,1,
0,wschodniosuwalskim,1,
0,lodowcowego,1,
0,zgrupowane,1,
0,zwanych,1,
0,pojezierzami,1,
0,wiekszej,1,
0,stosunku,1,
0,zmniejszyla,1,
0,szybkim,1,
0,zanikaniem,1,
0,najmniejszych,1,
0,jeziornosc,1,
0,akrow,1,
0,tysiaca,1,
0,geologicznaedytuj,1,
0,stykaja,1,
0,tektoniczne,1,
0,prekambryjska,1,
0,wschodnia,1,
0,polnocnowschodnia,1,
0,paleozoiczna,1,
0,pozaalpejska,1,
0,srodkowa,1,
0,spod,1,
0,pokrywy,1,
0,osadowej,1,
0,wylaniaja,1,
0,gorotworow,1,
0,kaledońskich,1,
0,hercyńskich,1,
0,zachodnie,1,
0,oddziela,1,
0,prekambryjskiej,1,
0,szwu,1,
0,transeuropejskiego,1,
0,tesz,1,
0,alpidy,1,
0,podkarpaciem,1,
0,powierzchniedytuj,1,
0,hipsometryczna,1,
0,przewazajaca,1,
0,nizinne,1,
0,nizu,1,
0,krainy,1,
0,ulozone,1,
0,rownoleznikowo,1,
0,pasowo,1,
0,przechodzac,1,
0,nizinnych,1,
0,centralnej,1,
0,wyzynnych,1,
0,metrow,1,
0,wysokosci,1,
0,wysokich,1,
0,najnizej,1,
0,polozonym,1,
0,depresja,1,
0,zulawach,1,
0,wislanych,1,
0,klimatedytuj,1,
0,opad,1,
0,normalny,1,
0,klimatu,1,
0,umiarkowanego,1,
0,cieplego,1,
0,przejsciowego,1,
0,partiach,1,
0,sudetow,1,
0,karpat,1,
0,gorski,1,
0,reguly,1,
0,zaleznie,1,
0,dolnym,1,
0,swinoujsciu,1,
0,legnicy,1,
0,opady,1,
0,roczne,1,
0,wynosza,1,
0,najnizsze,1,
0,kujawach,1,
0,polozeniem,1,
0,cieniu,1,
0,opadowym,1,
0,pojezierzy,1,
0,najwyzsze,1,
0,gor,1,
0,wyzynie,1,
0,wegetacyjny,1,
0,przecietnie,1,
0,polnocnym,1,
0,wschodzie,1,
0,zroznicowana,1,
0,miare,1,
0,przesuwania,1,
0,szczecińskiej,1,
0,zalega,1,
0,mniej,1,
0,gorace,1,
0,podkarpaciu,1,
0,upalnych,1,
0,ekstremalne,1,
0,temperatury,1,
0,powietrza,1,
0,zanotowane,1,
0,proszkow,1,
0,opola,1,
0,lipca,1,
0,olecko,1,
0,siedlce,1,
0,zywiec,1,
0,stuposiany,1,
0,grudnia,1,
0,jelenia,1,
0,naturalneedytuj,1,
0,floraedytuj,1,
0,szata,1,
0,roslinna,1,
0,stwierdzono,1,
0,dotychczas,1,
0,wystepowanie,1,
0,rodzimych,1,
0,trwale,1,
0,zadomowionych,1,
0,taksonow,1,
0,randze,1,
0,gatunku,1,
0,podgatunku,1,
0,okrytonasiennych,1,
0,magnoliophyta,1,
0,paprotnikow,1,
0,pteridophyta,1,
0,mszakow,1,
0,bryophyta,1,
0,zielenic,1,
0,chlorophyta,1,
0,ramienic,1,
0,krasnorostow,1,
0,rhodophyta,1,
0,faunaedytuj,1,
0,prowincji,1,
0,europejskozachodniosyberyjskiej,1,
0,wchodzacej,1,
0,palearktyki,1,
0,srednio,1,
0,zroznicowanych,1,
0,gatunkowym,1,
0,reprezentowana,1,
0,szacunki,1,
0,mowia,1,
0,iz,1,
0,dokladnej,1,
0,analizie,1,
0,bedzie,1,
0,wyzsza,1,
0,dochodzaca,1,
0,sposrod,1,
0,wystepowala,1,
0,ssakow,1,
0,ptakow,1,
0,gniazdowych,1,
0,gadow,1,
0,plazow,1,
0,ryb,1,
0,slodkowodnych,1,
0,bezzuchwowcow,1,
0,mieczakow,1,
0,pajeczakow,1,
0,pierscienic,1,
0,jamochlonow,1,
0,gabek,1,
0,pierwotniakow,1,
0,wystepowania,1,
0,krain,1,
0,zoogeograficznych,1,
0,poludniowobaltycka,1,
0,opolska,1,
0,kielecka,1,
0,karpackosudecka,1,
0,kraine,1,
0,jury,1,
0,podalpejska,1,
0,uksztaltowal,1,
0,zlodowaceniu,1,
0,ustapieniu,1,
0,lodowcow,1,
0,poludniowych,1,
0,naplynely,1,
0,historycznych,1,
0,zmieniala,1,
0,zyjacych,1,
0,przestawaly,1,
0,obecne,1,
0,faunie,1,
0,tury,1,
0,tarpany,1,
0,sobole,1,
0,dolaczaly,1,
0,drodze,1,
0,swiadomej,1,
0,introdukcji,1,
0,bazanty,1,
0,muflony,1,
0,daniele,1,
0,jenoty,1,
0,pizmaki,1,
0,ostatnio,1,
0,szopy,1,
0,pracze,1,
0,stonki,1,
0,wystepujacych,1,
0,lesne,1,
0,lasow,1,
0,lisciastych,1,
0,jelenie,1,
0,sarny,1,
0,dziki,1,
0,polnocnowschodniej,1,
0,typowe,1,
0,tajgi,1,
0,tundry,1,
0,puszczyki,1,
0,losie,1,
0,zajace,1,
0,bielaki,1,
0,poludniowowschodniej,1,
0,stepowe,1,
0,susly,1,
0,zolny,1,
0,odmienny,1,
0,reszty,1,
0,srodowiska,1,
0,kozica,1,
0,swistak,1,
0,wytepione,1,
0,pozostalym,1,
0,rysie,1,
0,zbiki,1,
0,niedzwiedzie,1,
0,zwierzetami,1,
0,synantropijnymi,1,
0,szczury,1,
0,wroble,1,
0,przyrodyedytuj,1,
0,prowadzi,1,
0,aktywne,1,
0,ochrone,1,
0,chociaz,1,
0,pewne,1,
0,zakresie,1,
0,spotkac,1,
0,wiekach,1,
0,przemyslane,1,
0,planowe,1,
0,oparte,1,
0,podstawach,1,
0,szersza,1,
0,najcenniejsze,1,
0,obszary,1,
0,parkow,1,
0,narodowych,1,
0,rezerwatow,1,
0,akcesji,1,
0,natura,1,
0,zagrozone,1,
0,obszarowymi,1,
0,formami,1,
0,gatunkowa,1,
0,grzybow,1,
0,rezerwaty,1,
0,krajobrazowe,1,
0,ogrody,1,
0,zoologiczne,1,
0,demografiaedytuj,1,
0,wykres,1,
0,lanckorona,1,
0,kolonistow,1,
0,zabytkowa,1,
0,drewniana,1,
0,pilsudskiego,1,
0,typowo,1,
0,wielkosc,1,
0,przyblizeniu,1,
0,proporcjonalna,1,
0,ciemniejszy,1,
0,kolor,1,
0,rzeczywista,1,
0,obejmowala,1,
0,swym,1,
0,zasiegiem,1,
0,cwierc,1,
0,przeszlo,1,
0,milionem,1,
0,przyniosla,1,
0,radykalny,1,
0,batorego,1,
0,zblizyl,1,
0,osiagnela,1,
0,chwili,1,
0,wielonarodowosciowe,1,
0,liczylo,1,
0,wspolnej,1,
0,poslugujace,1,
0,znalazlo,1,
0,wielonarodowosciowym,1,
0,wybuchem,1,
0,przesiedlenia,1,
0,sprawily,1,
0,nieomalze,1,
0,jednolitym,1,
0,etnicznie,1,
0,przekraczaja,1,
0,zanotowano,1,
0,niespotykany,1,
0,nigdzie,1,
0,indziej,1,
0,przybywalo,1,
0,tyle,1,
0,przyczyna,1,
0,przyrostu,1,
0,naturalnego,1,
0,ogromny,1,
0,ubytek,1,
0,przyszedl,1,
0,poczatkiem,1,
0,zblizenie,1,
0,rodzin,1,
0,drastycznie,1,
0,spadl,1,
0,by,1,
0,zejsc,1,
0,zera,1,
0,znow,1,
0,nieznacznie,1,
0,prokreacji,1,
0,prorodzinna,1,
0,becikowe,1,
0,ulgi,1,
0,podatkowe,1,
0,kobiety,1,
0,odlozyly,1,
0,rodzicielstwo,1,
0,kariery,1,
0,rodza,1,
0,wyemigrowalo,1,
0,szacunkow,1,
0,pragna,1,
0,zalozyc,1,
0,miejscu,1,
0,ustabilizowala,1,
0,wahala,1,
0,waskim,1,
0,przedziale,1,
0,prognoz,1,
0,wyniesc,1,
0,urodzilo,1,
0,zroznicowany,1,
0,regionalnie,1,
0,przyczyniaja,1,
0,konteksty,1,
0,gornym,1,
0,dzietnosc,1,
0,kobiete,1,
0,zmniejsza,1,
0,znacznymi,1,
0,migracjami,1,
0,przybyly,1,
0,tu,1,
0,teraz,1,
0,emeryturze,1,
0,wracaja,1,
0,rodzinne,1,
0,strony,1,
0,najstarszym,1,
0,miastem,1,
0,ujemnym,1,
0,rosnie,1,
0,obszarami,1,
0,pozostaja,1,
0,malopolska,1,
0,polnocne,1,
0,tutaj,1,
0,najnizszy,1,
0,odnotowuje,1,
0,wojewodztwach,1,
0,zachodniego,1,
0,dodatni,1,
0,lodzkim,1,
0,etniczneedytuj,1,
0,spisu,1,
0,inna,1,
0,nieokreslona,1,
0,cmentarz,1,
0,tatarski,1,
0,kruszynianach,1,
0,tatarzy,1,
0,osiedlili,1,
0,wioskach,1,
0,krolewskich,1,
0,otrzymujac,1,
0,tytuly,1,
0,wymogu,1,
0,przejscia,1,
0,katolicyzm,1,
0,niespotykane,1,
0,owych,1,
0,bylego,1,
0,nazistowskiego,1,
0,obozu,1,
0,koncentracyjnego,1,
0,auschwitz,1,
0,oswiecimiu,1,
0,posluguja,1,
0,zaliczanym,1,
0,slowiańskich,1,
0,pewnej,1,
0,ojczystym,1,
0,nim,1,
0,spokrewniony,1,
0,urzedowym,1,
0,jakkolwiek,1,
0,gwarantuje,1,
0,mniejszosciom,1,
0,uzywanie,1,
0,wlasnych,1,
0,skupiska,1,
0,gminach,1,
0,pomocnicze,1,
0,urzedowe,1,
0,stosowane,1,
0,niemiecki,1,
0,litewski,1,
0,bialoruski,1,
0,dwujezyczne,1,
0,spisie,1,
0,powszechnym,1,
0,ankietowanych,1,
0,przynaleznosc,1,
0,okreslilo,1,
0,swej,1,
0,narodowosciowej,1,
0,naplywu,1,
0,imigrantow,1,
0,wiecej,1,
0,firm,1,
0,sprowadza,1,
0,zza,1,
0,ukrainy,1,
0,dalekiego,1,
0,wietnam,1,
0,oni,1,
0,luke,1,
0,nasilonej,1,
0,zarobkowej,1,
0,wskazuja,1,
0,najblizszych,1,
0,sciagac,1,
0,imigranci,1,
0,pojawiaja,1,
0,zagranicznymi,1,
0,firmami,1,
0,otwierajacymi,1,
0,fabryki,1,
0,zagraniczni,1,
0,pracownicy,1,
0,sredniego,1,
0,wyzszego,1,
0,szczebla,1,
0,kierowniczego,1,
0,rodzinami,1,
0,pochodzacych,1,
0,ameryki,1,
0,azji,1,
0,korei,1,
0,japonii,1,
0,demograficzneedytuj,1,
0,urbanizacji,1,
0,sredni,1,
0,migrantow,1,
0,narodzeniu,1,
0,umieralnosc,1,
0,niemowlat,1,
0,meskiej,1,
0,zeńskiej,1,
0,oczekiwana,1,
0,rozrodczosc,1,
0,urodzeńkobiete,1,
0,doroslych,1,
0,zakazonych,1,
0,zmarlych,1,
0,rozmieszczenie,1,
0,najmniejsze,1,
0,wysmierzyce,1,
0,aglomeracji,1,
0,konurbacja,1,
0,gornoslaska,1,
0,ponizsza,1,
0,liczace,1,
0,pokaz,1,
0,dyskusja,1,
0,sosnowiec,1,
0,kielce,1,
0,zabrze,1,
0,bytom,1,
0,olsztyn,1,
0,warmińskomazurskie,1,
0,religijneedytuj,1,
0,paulinow,1,
0,czestochowie,1,
0,pielgrzymek,1,
0,zwiazki,1,
0,wspolnote,1,
0,obrzadku,1,
0,rzymskokatolickim,1,
0,ochrzczonych,1,
0,greckokatolicki,1,
0,ormiańskokatolicki,1,
0,neounicki,1,
0,katolickiej,1,
0,wywodzi,1,
0,starokatolicyzm,1,
0,polskokatolicki,1,
0,narodowy,1,
0,reformowany,1,
0,starokatolikow,1,
0,prowadza,1,
0,tradycjonalistow,1,
0,lefebrystow,1,
0,sedewakantystow,1,
0,wspolnoty,1,
0,prawoslawnej,1,
0,autokefaliczny,1,
0,prawoslawny,1,
0,wschodni,1,
0,staroobrzedowcow,1,
0,apostolski,1,
0,ormiański,1,
0,mieszkaja,1,
0,przedstawiciele,1,
0,koptyjskiego,1,
0,protestantyzmu,1,
0,przyznaje,1,
0,ewangelickoaugsburski,1,
0,zielonoswiatkowy,1,
0,adwentystow,1,
0,siodmego,1,
0,baptystow,1,
0,nowoapostolski,1,
0,ewangelickometodystyczny,1,
0,bozy,1,
0,chrystusie,1,
0,ewangelickoreformowany,1,
0,chrzescijańska,1,
0,wspolnota,1,
0,zielonoswiatkowa,1,
0,ewangelicznej,1,
0,ewangelicznych,1,
0,restoracjonistyczne,1,
0,obejmuja,1,
0,swiadkow,1,
0,jehowy,1,
0,zrzeszenie,1,
0,badaczy,1,
0,swiecki,1,
0,misyjny,1,
0,epifania,1,
0,jezusa,1,
0,chrystusa,1,
0,mormoni,1,
0,muzulmański,1,
0,chrzescijański,1,
0,glosicieli,1,
0,dobrej,1,
0,nowiny,1,
0,prawnie,1,
0,mswia,1,
0,wyznaniowych,1,
0,rodzimy,1,
0,rodzima,1,
0,wiara,1,
0,przedchrzescijańskich,1,
0,wierzeniach,1,
0,buddystow,1,
0,zrzesza,1,
0,buddyjska,1,
0,zarejestrowano,1,
0,hinduistyczne,1,
0,miedzynarodowe,1,
0,towarzystwo,1,
0,kryszny,1,
0,zwolennikow,1,
0,masonerii,1,
0,antropozofii,1,
0,teozofii,1,
0,miedzywyznaniowe,1,
0,chrzescijańskie,1,
0,ekumeniczna,1,
0,zrzeszajaca,1,
0,protestanckie,1,
0,starokatolickie,1,
0,prawoslawne,1,
0,alians,1,
0,ewangeliczny,1,
0,zrzeszajacy,1,
0,zbory,1,
0,ewangelikalnym,1,
0,protestantyzmem,1,
0,badań,1,
0,cbos,1,
0,stosuje,1,
0,zaleceń,1,
0,wierzy,1,
0,swoj,1,
0,deklaruje,1,
0,niewierzacy,1,
0,niezdecydowani,1,
0,obojetni,1,
0,religijnie,1,
0,praktykuje,1,
0,wierzacych,1,
0,malcie,1,
0,osiemdziesiatych,1,
0,praktykowalo,1,
0,kilkuletnim,1,
0,wzroscie,1,
0,rocznika,1,
0,statystycznego,1,
0,minimalnie,1,
0,frekwencja,1,
0,przystepujacych,1,
0,komunii,1,
0,zurbanizowane,1,
0,rzymskokatolickie,1,
0,uczeszcza,1,
0,regularnie,1,
0,niecale,1,
0,diecezjami,1,
0,szczecińskokamieńska,1,
0,lodzka,1,
0,koszalińskokolobrzeska,1,
0,poludniowowschodnie,1,
0,tarnowska,1,
0,rzeszowska,1,
0,przemyska,1,
0,religijnych,1,
0,przyjmuje,1,
0,stosunek,1,
0,poddane,1,
0,obrzedowi,1,
0,jezeli,1,
0,pozniejszym,1,
0,wystapily,1,
0,wiarygodne,1,
0,statystyczne,1,
0,zostac,1,
0,sporzadzone,1,
0,oficjalnej,1,
0,dokumentacji,1,
0,sprawia,1,
0,przyklad,1,
0,zanizona,1,
0,wyznawcow,1,
0,rzymskokatolickiego,1,
0,zawyzona,1,
0,swiecieedytuj,1,
0,polak,1,
0,papieza,1,
0,krajowej,1,
0,rozumiana,1,
0,rdzenni,1,
0,terytoriow,1,
0,obocznych,1,
0,znajdujacymi,1,
0,dzis,1,
0,granicami,1,
0,liczbach,1,
0,litwie,1,
0,czechach,1,
0,rozproszeni,1,
0,syberii,1,
0,koncentracja,1,
0,jakucji,1,
0,kazachstanie,1,
0,rosyjskich,1,
0,zeslań,1,
0,gruzji,1,
0,stanach,1,
0,kanadzie,1,
0,wiekszosci,1,
0,skandynawii,1,
0,najliczniejsza,1,
0,obcokrajowcow,1,
0,islandii,1,
0,ameryce,1,
0,brazylii,1,
0,utrwaleni,1,
0,geograficznie,1,
0,pojedynczo,1,
0,anonimowy,1,
0,majtek,1,
0,polinezyjskiej,1,
0,wyspie,1,
0,nazwana,1,
0,atolu,1,
0,kiritimati,1,
0,pamietnie,1,
0,infrastrukturze,1,
0,calych,1,
0,budowniczy,1,
0,andach,1,
0,peru,1,
0,ekwadoru,1,
0,inzynier,1,
0,malinowski,1,
0,kontekscie,1,
0,kojarza,1,
0,podroznika,1,
0,antropologa,1,
0,bronislawa,1,
0,malinowskiego,1,
0,pacyficznych,1,
0,wyspach,1,
0,melanezji,1,
0,zaowocowaly,1,
0,teoretycznymi,1,
0,osiagnieciami,1,
0,podlozem,1,
0,brytyjskiej,1,
0,antropologii,1,
0,kulturowej,1,
0,niewatpliwie,1,
0,polakiem,1,
0,spoza,1,
0,dzialacz,1,
0,praw,1,
0,pojednania,1,
0,miedzywyznaniowego,1,
0,wolnej,1,
0,zaskarbil,1,
0,powazanie,1,
0,naleznej,1,
0,oczach,1,
0,katolikow,1,
0,swiatobliwosci,1,
0,papieskiej,1,
0,naukowcy,1,
0,matematyk,1,
0,ulam,1,
0,wspolkonstruktor,1,
0,bomby,1,
0,los,1,
0,alamos,1,
0,iteratywnej,1,
0,metody,1,
0,obliczeniowej,1,
0,monte,1,
0,carlo,1,
0,chemik,1,
0,uzyskaniem,1,
0,zastosowaniem,1,
0,radioaktywnosci,1,
0,swoim,1,
0,francuskim,1,
0,mezem,1,
0,fizykiemchemikiem,1,
0,pierreem,1,
0,curie,1,
0,rosyjski,1,
0,astronom,1,
0,kowalski,1,
0,klasyfikujacy,1,
0,gwiazd,1,
0,rownie,1,
0,zalewski,1,
0,liniowopretowego,1,
0,zawieszenia,1,
0,dachu,1,
0,supersamu,1,
0,spodka,1,
0,massachusetts,1,
0,institute,1,
0,technology,1,
0,nowicki,1,
0,zona,1,
0,nagradzani,1,
0,przedwojenni,1,
0,rysownicy,1,
0,parabolicznej,1,
0,wielkich,1,
0,hal,1,
0,paraboleum,1,
0,raleigh,1,
0,niedoszly,1,
0,zmarly,1,
0,katastrofie,1,
0,lotniczej,1,
0,projektant,1,
0,czandigarh,1,
0,university,1,
0,pennsylvania,1,
0,sportowcy,1,
0,uczacy,1,
0,rozwijajacy,1,
0,mistrz,1,
0,olimpijski,1,
0,moskwy,1,
0,skoku,1,
0,tyczce,1,
0,kozakiewicz,1,
0,liczni,1,
0,aktualni,1,
0,pilkarze,1,
0,raymond,1,
0,kopaszewski,1,
0,polskoniemieccy,1,
0,wilimowski,1,
0,miroslav,1,
0,klose,1,
0,lukas,1,
0,podolski,1,
0,dlugo,1,
0,przebywajaca,1,
0,rzezbiarka,1,
0,wokalistki,1,
0,jazzowe,1,
0,urszula,1,
0,dudziak,1,
0,grazyna,1,
0,auguscik,1,
0,piosenkarka,1,
0,violetta,1,
0,villas,1,
0,zyskala,1,
0,miedzynarodowa,1,
0,usa,1,
0,gwiazda,1,
0,casino,1,
0,de,1,
0,las,1,
0,vegas,1,
0,filmowcy,1,
0,kina,1,
0,niemego,1,
0,pola,1,
0,negri,1,
0,teatralna,1,
0,helena,1,
0,modrzejewska,1,
0,podroznicy,1,
0,carski,1,
0,zeslaniec,1,
0,geograf,1,
0,czerski,1,
0,badacz,1,
0,edmund,1,
0,strzelecki,1,
0,wspolczesny,1,
0,polarnik,1,
0,kamiński,1,
0,lekarze,1,
0,spoleczni,1,
0,miedzywojennej,1,
0,czechoslowacji,1,
0,buzek,1,
0,jeszcze,1,
0,roza,1,
0,luksemburg,1,
0,czolowki,1,
0,modelek,1,
0,polki,1,
0,joanna,1,
0,krupa,1,
0,anja,1,
0,rubik,1,
0,kasia,1,
0,struss,1,
0,frackowiak,1,
0,dekad,1,
0,emigrowali,1,
0,przewaznie,1,
0,stanow,1,
0,kanady,1,
0,duzej,1,
0,zintegrowani,1,
0,nadajac,1,
0,odczuwalnej,1,
0,polskosc,1,
0,miejscowej,1,
0,mozaice,1,
0,spolecznosciowej,1,
0,kiedys,1,
0,pracujacych,1,
0,zarobkowo,1,
0,ostatnimi,1,
0,laty,1,
0,gospodarkaedytuj,1,
0,gospodarkiedytuj,1,
0,wielkosci,1,
0,szosta,1,
0,produkt,1,
0,krajowy,1,
0,mieszkańca,1,
0,obliczeń,1,
0,mfw,1,
0,nominalnie,1,
0,unijnej,1,
0,tempo,1,
0,stawia,1,
0,najszybciej,1,
0,rozwijajacych,1,
0,wzrosl,1,
0,jedynym,1,
0,dodatnim,1,
0,wynikiem,1,
0,nalezal,1,
0,parytetu,1,
0,wytworzenie,1,
0,rolnictowo,1,
0,uznawana,1,
0,kraj,1,
0,wysoko,1,
0,rozwiniety,1,
0,spolecznego,1,
0,bierze,1,
0,czynniki,1,
0,odbytej,1,
0,latkow,1,
0,oczekiwany,1,
0,szkolnym,1,
0,dajac,1,
0,uwzglednionych,1,
0,portugalia,1,
0,barbadosem,1,
0,zadluzona,1,
0,nizszy,1,
0,papierow,1,
0,wartosciowych,1,
0,mieszana,1,
0,państwowy,1,
0,wytwarza,1,
0,rekach,1,
0,akcji,1,
0,pgnig,1,
0,mniejszych,1,
0,przedsiebiorstw,1,
0,porownywalny,1,
0,norwegia,1,
0,wyniosly,1,
0,wydobyto,1,
0,wegla,1,
0,kamiennego,1,
0,wyprodukowano,1,
0,stali,1,
0,surowej,1,
0,twh,1,
0,elektrycznej,1,
0,oddano,1,
0,mieszkań,1,
0,partnerem,1,
0,handlowym,1,
0,zagranicznym,1,
0,transformacja,1,
0,systemowa,1,
0,zatrudnienieedytuj,1,
0,ujeciu,1,
0,miesiecznym,1,
0,miesiacach,1,
0,nastepuje,1,
0,sezonowy,1,
0,skok,1,
0,zatrudnienia,1,
0,odbiega,1,
0,europejskich,1,
0,standardow,1,
0,rolnictwie,1,
0,produkcyjnym,1,
0,zatrudniona,1,
0,trzecim,1,
0,najdluzej,1,
0,pracujacym,1,
0,narodem,1,
0,grekach,1,
0,wegrach,1,
0,przecietna,1,
0,przepracowanych,1,
0,godzin,1,
0,pracownika,1,
0,lepsza,1,
0,mechanizacja,1,
0,wydajnosc,1,
0,najnizszych,1,
0,wspolczynnikow,1,
0,wynoszacy,1,
0,przewaga,1,
0,państwowym,1,
0,minimalne,1,
0,wynagrodzenie,1,
0,brutto,1,
0,zl,1,
0,wynioslo,1,
0,systematyczny,1,
0,wynosilo,1,
0,eurostat,1,
0,zagranicznyedytuj,1,
0,eksportedytuj,1,
0,brazylia,1,
0,samochody,1,
0,dochodow,1,
0,produkty,1,
0,chemicznego,1,
0,wlochy,1,
0,importedytuj,1,
0,zjednoczonymi,1,
0,emiratami,1,
0,arabskimi,1,
0,importuje,1,
0,wydatkow,1,
0,importem,1,
0,paliwa,1,
0,mineralne,1,
0,gaz,1,
0,ziemny,1,
0,handlowyedytuj,1,
0,deficyt,1,
0,obrotow,1,
0,towarowych,1,
0,przedsiebiorstwaedytuj,1,
0,cztery,1,
0,pko,1,
0,gornictwo,1,
0,naftowe,1,
0,gazownictwo,1,
0,miedz,1,
0,umieszczone,1,
0,dorocznej,1,
0,liscie,1,
0,najprezniejszych,1,
0,gieldowych,1,
0,magazynu,1,
0,forbes,1,
0,wytwarzaja,1,
0,male,1,
0,srednie,1,
0,rankingachedytuj,1,
0,jakosci,1,
0,quality,1,
0,life,1,
0,kostaryka,1,
0,islandia,1,
0,rpa,1,
0,rumunia,1,
0,economic,1,
0,freedom,1,
0,heritage,1,
0,foundation,1,
0,the,1,
0,wall,1,
0,street,1,
0,journal,1,
0,zakwalifikowana,1,
0,umiarkowanej,1,
0,globalny,1,
0,raport,1,
0,konkurencyjnosci,1,
0,swiatowe,1,
0,forum,1,
0,ekonomiczne,1,
0,gospodarek,1,
0,imd,1,
0,percepcji,1,
0,korupcji,1,
0,corruption,1,
0,perceptions,1,
0,transparency,1,
0,bhutanem,1,
0,jordania,1,
0,world,1,
0,report,1,
0,konferencja,1,
0,ds,1,
0,unctad,1,
0,szostym,1,
0,atrakcyjnym,1,
0,inwestowania,1,
0,perspektywiczne,1,
0,innowacyjnej,1,
0,inwestorow,1,
0,direct,1,
0,confidence,1,
0,firmy,1,
0,konsultingowej,1,
0,globalizacji,1,
0,obrazujacy,1,
0,stopień,1,
0,integracji,1,
0,spoleczeństw,1,
0,swiatem,1,
0,globalization,1,
0,policy,1,
0,magazine,1,
0,badane,1,
0,swiatowy,1,
0,detalicznego,1,
0,okreslajacy,1,
0,perspektywy,1,
0,global,1,
0,retail,1,
0,development,1,
0,meksykiem,1,
0,indonezja,1,
0,transportedytuj,1,
0,dozwolone,1,
0,predkosci,1,
0,drogach,1,
0,samochodowyedytuj,1,
0,ekspresowe,1,
0,krajowe,1,
0,ladunkow,1,
0,przewozonych,1,
0,ciezarowkami,1,
0,porusza,1,
0,pojazdow,1,
0,tranzytowym,1,
0,kontynentu,1,
0,estonia,1,
0,lotwa,1,
0,gruntowej,1,
0,obciazeniu,1,
0,wyszczegolnienie,1,
0,ciezarowych,1,
0,kategorie,1,
0,powiatowa,1,
0,gminna,1,
0,kolejowyedytuj,1,
0,firma,1,
0,zajmujaca,1,
0,przewozami,1,
0,kolejowymi,1,
0,cargo,1,
0,towarow,1,
0,intercity,1,
0,kwalifikowane,1,
0,pociagi,1,
0,eic,1,
0,dotowany,1,
0,budzetu,1,
0,tlkuwagi,1,
0,wydzielono,1,
0,przekazano,1,
0,samorzadom,1,
0,spolke,1,
0,aktualnie,1,
0,przewoznikiem,1,
0,pasazerskim,1,
0,mazowieckim,1,
0,realizuja,1,
0,dojazdowa,1,
0,szybka,1,
0,miejska,1,
0,przeciwieństwie,1,
0,wlasnoscia,1,
0,samorzadow,1,
0,trojmiescie,1,
0,istnieja,1,
0,aglomeracyjne,1,
0,poruszajace,1,
0,torach,1,
0,skm,1,
0,powiazanych,1,
0,obslugujacych,1,
0,towarowy,1,
0,posiada,1,
0,licencje,1,
0,zdecydowana,1,
0,zarzadem,1,
0,pobierane,1,
0,oplaty,1,
0,kolejowych,1,
0,przewoznicy,1,
0,kolejowi,1,
0,zarzadcy,1,
0,dworce,1,
0,zaklady,1,
0,naprawcze,1,
0,taboru,1,
0,kolejowego,1,
0,waskotorowe,1,
0,lotniczyedytuj,1,
0,odprawionych,1,
0,cywilny,1,
0,zapoczatkowany,1,
0,przelotem,1,
0,pasazerami,1,
0,trasie,1,
0,uruchomiono,1,
0,regularne,1,
0,eurolot,1,
0,regional,1,
0,enter,1,
0,white,1,
0,eagle,1,
0,aviation,1,
0,przewozach,1,
0,wizz,1,
0,ryanair,1,
0,cywilne,1,
0,komunikacyjne,1,
0,posiadajace,1,
0,betonowa,1,
0,startowa,1,
0,ilosci,1,
0,okecie,1,
0,balice,1,
0,strachowice,1,
0,pyrzowice,1,
0,rebiechowo,1,
0,lawica,1,
0,jasionka,1,
0,goleniow,1,
0,szwederowo,1,
0,babimost,1,
0,mazowiecki,1,
0,modlin,1,
0,czerwcalipca,1,
0,lotnisk,1,
0,nalezacych,1,
0,aeroklubow,1,
0,polaczeń,1,
0,miastami,1,
0,oferuje,1,
0,agrolotnictwo,1,
0,wodnyedytuj,1,
0,przybrzezna,1,
0,srodladowa,1,
0,dobrze,1,
0,rozwinieta,1,
0,korzystne,1,
0,przyrodnicze,1,
0,zbiornikow,1,
0,wodnych,1,
0,zeglowne,1,
0,notec,1,
0,wislany,1,
0,umozliwiaja,1,
0,zeglugi,1,
0,zeglarstwa,1,
0,police,1,
0,utrzymywane,1,
0,ystad,1,
0,trelleborgiem,1,
0,kopenhaga,1,
0,kolobrzegiem,1,
0,nexo,1,
0,gdańskiem,1,
0,nynshamn,1,
0,karlskrona,1,
0,dodatkowo,1,
0,polaczenie,1,
0,ronne,1,
0,handlowa,1,
0,biala,1,
0,kanaly,1,
0,wodne,1,
0,miejskiedytuj,1,
0,autobusow,1,
0,tramwajow,1,
0,metra,1,
0,realizacji,1,
0,poznański,1,
0,podobne,1,
0,torowiska,1,
0,budowie,1,
0,krakowski,1,
0,plus,1,
0,najdluzszej,1,
0,tramwajowej,1,
0,lublinie,1,
0,tychach,1,
0,jezdza,1,
0,trolejbusy,1,
0,komunikacji,1,
0,samochodowej,1,
0,istniejacych,1,
0,zlikwidowanych,1,
0,tramwajowych,1,
0,telekomunikacjaedytuj,1,
0,aktywnych,1,
0,komorkowych,1,
0,grudzień,1,
0,stacjonarnych,1,
0,listopad,1,
0,styczeń,1,
0,naukaedytuj,1,
0,collegium,1,
0,maius,1,
0,oswiaty,1,
0,szkolach,1,
0,bezplatna,1,
0,platne,1,
0,studia,1,
0,niestacjonarne,1,
0,akademickim,1,
0,niepublicznych,1,
0,ksztalcilo,1,
0,uczelniach,1,
0,szkolnictwo,1,
0,wynosily,1,
0,calkowite,1,
0,osiagnely,1,
0,najstarszych,1,
0,wojnach,1,
0,znajdowala,1,
0,stagnacji,1,
0,poniatowskiego,1,
0,ministerstwo,1,
0,odradzalo,1,
0,stlumiony,1,
0,oscienne,1,
0,rozbiorow,1,
0,naukowcow,1,
0,studiowala,1,
0,pracowala,1,
0,otrzymala,1,
0,nagrody,1,
0,nobla,1,
0,fizyki,1,
0,chemii,1,
0,odkryla,1,
0,pierwiastki,1,
0,promieniotworcze,1,
0,nazwala,1,
0,polon,1,
0,polonium,1,
0,bedacej,1,
0,owym,1,
0,matematycznym,1,
0,lwowska,1,
0,efektow,1,
0,rozszyfrowanie,1,
0,kodu,1,
0,enigmy,1,
0,najlepszych,1,
0,uniwersytetow,1,
0,arwa,1,
0,zakwalifikowaly,1,
0,obydwa,1,
0,czwartej,1,
0,setce,1,
0,zdrowotnaedytuj,1,
0,artykulem,1,
0,obywatel,1,
0,zdrowia,1,
0,materialnej,1,
0,zapewniaja,1,
0,rowny,1,
0,finansowanej,1,
0,srodkow,1,
0,zakres,1,
0,udzielania,1,
0,piekneedytuj,1,
0,plac,1,
0,zamkowy,1,
0,kolumna,1,
0,starego,1,
0,archikatedra,1,
0,kosciolem,1,
0,geneza,1,
0,pradziejow,1,
0,neolit,1,
0,chrzcie,1,
0,lacińskiej,1,
0,romańskiej,1,
0,terytorialne,1,
0,trwajaca,1,
0,nierownomiernie,1,
0,relacje,1,
0,kulturami,1,
0,wschodnimi,1,
0,zainteresowanie,1,
0,wloskim,1,
0,renesansem,1,
0,barokiem,1,
0,dobie,1,
0,artystow,1,
0,krajowego,1,
0,modernizmu,1,
0,dwudziestoleciu,1,
0,miedzywojennym,1,
0,upowszechnily,1,
0,stylu,1,
0,ostatniej,1,
0,odbudowano,1,
0,zrekonstruowano,1,
0,sredniowieczeedytuj,1,
0,romański,1,
0,chrystianizacji,1,
0,rozpowszechnia,1,
0,przedromańska,1,
0,romańska,1,
0,relikty,1,
0,katedr,1,
0,palatia,1,
0,centralne,1,
0,lednickim,1,
0,cennym,1,
0,dzielem,1,
0,czara,1,
0,wloclawska,1,
0,manuskrypty,1,
0,importowanymi,1,
0,sakramentarz,1,
0,tyniecki,1,
0,emmerański,1,
0,kruszwicki,1,
0,dojrzalego,1,
0,romanizmu,1,
0,fragmenty,1,
0,zwanej,1,
0,hermanowska,1,
0,krypta,1,
0,leonarda,1,
0,pobliski,1,
0,kolegiaty,1,
0,tumie,1,
0,kruszwicy,1,
0,rozwinela,1,
0,rzezba,1,
0,architektoniczna,1,
0,strzelnie,1,
0,fundacyjnych,1,
0,kolumn,1,
0,figuralnymi,1,
0,przedstawieniami,1,
0,cnot,1,
0,przywar,1,
0,portali,1,
0,opactwa,1,
0,olbinie,1,
0,xiiwieku,1,
0,biblia,1,
0,czerwińska,1,
0,rzadkim,1,
0,plastyki,1,
0,rytowana,1,
0,posadzka,1,
0,wysoki,1,
0,prezentuje,1,
0,metaloplastyka,1,
0,kielichy,1,
0,pateny,1,
0,trzemeszna,1,
0,gniezna,1,
0,plocka,1,
0,kalisza,1,
0,brazu,1,
0,gnieznieńskie,1,
0,plockie,1,
0,pochodza,1,
0,insygnia,1,
0,szczerbiec,1,
0,miecz,1,
0,koronacyjny,1,
0,znajdujacy,1,
0,skarbcu,1,
0,krzyz,1,
0,wykonany,1,
0,diademow,1,
0,ksiazecych,1,
0,cysterska,1,
0,sulejowie,1,
0,wachocku,1,
0,koprzywnicy,1,
0,zakonow,1,
0,mendykanckich,1,
0,sandomierzu,1,
0,gotycki,1,
0,sztuke,1,
0,cechuje,1,
0,pewnym,1,
0,sensie,1,
0,chronologicznej,1,
0,artystycznej,1,
0,podyktowane,1,
0,konsekwencjami,1,
0,krolestwa,1,
0,gotyk,1,
0,pojawil,1,
0,najwczesniej,1,
0,redukcyjnego,1,
0,ceglanego,1,
0,rzadko,1,
0,calosci,1,
0,kamienia,1,
0,tenze,1,
0,material,1,
0,sluzyl,1,
0,dekoracji,1,
0,rzezbiarskiej,1,
0,wroclawskim,1,
0,tumskim,1,
0,krzyza,1,
0,trojcy,1,
0,olkuszu,1,
0,goslawicach,1,
0,kamionnej,1,
0,starym,1,
0,bielsku,1,
0,wznosi,1,
0,regionach,1,
0,prym,1,
0,wiedzie,1,
0,krzyzacka,1,
0,prusach,1,
0,malborku,1,
0,lidzbarku,1,
0,warmińskim,1,
0,niedzicy,1,
0,czersku,1,
0,debnie,1,
0,municypalna,1,
0,kamienic,1,
0,zachowalo,1,
0,roznym,1,
0,obwarowania,1,
0,bramami,1,
0,basztami,1,
0,szydlowie,1,
0,paczkowie,1,
0,mlyńska,1,
0,barbakanem,1,
0,floriańska,1,
0,wit,1,
0,stwosz,1,
0,zeslanie,1,
0,ducha,1,
0,fragment,1,
0,architektonicznej,1,
0,wsporniki,1,
0,zworniki,1,
0,sklepień,1,
0,najcenniejszych,1,
0,przykladow,1,
0,dekoracje,1,
0,malborskiego,1,
0,pobliskiego,1,
0,palacu,1,
0,strzegomiu,1,
0,opolu,1,
0,lwowku,1,
0,slaskim,1,
0,wawelskiej,1,
0,xivwiecznej,1,
0,mistyki,1,
0,pieta,1,
0,lubiaza,1,
0,krucyfiksy,1,
0,kamieniu,1,
0,pomorskim,1,
0,wagrowcu,1,
0,figurki,1,
0,jaselkowe,1,
0,klarysek,1,
0,figury,1,
0,madonny,1,
0,dzieciatkiem,1,
0,wroclawskich,1,
0,madonn,1,
0,lwach,1,
0,karmelitek,1,
0,piekny,1,
0,egzemplifikuja,1,
0,piekna,1,
0,kruzlowej,1,
0,doroty,1,
0,wykonuje,1,
0,mariacki,1,
0,dluta,1,
0,wita,1,
0,stwosza,1,
0,waclawa,1,
0,swidnicy,1,
0,tryptyk,1,
0,plawna,1,
0,diecezjalne,1,
0,tarnowie,1,
0,scienne,1,
0,polichromie,1,
0,malujowicach,1,
0,sielecinie,1,
0,kapitularza,1,
0,ladzie,1,
0,ruskie,1,
0,malowidla,1,
0,kaplicy,1,
0,lubelskiego,1,
0,witrazowe,1,
0,chelmno,1,
0,wloclawek,1,
0,tablicowe,1,
0,anna,1,
0,samotrzecia,1,
0,strzegomia,1,
0,epitafium,1,
0,wierzbiety,1,
0,branic,1,
0,poliptyki,1,
0,dominikański,1,
0,augustiański,1,
0,jalmuznika,1,
0,barbary,1,
0,gdańskiego,1,
0,dyptyk,1,
0,winterfeldow,1,
0,duzy,1,
0,maly,1,
0,ferberow,1,
0,jerozolimski,1,
0,wyrozniaja,1,
0,fundacji,1,
0,drewniane,1,
0,monstrancje,1,
0,staniatek,1,
0,wieliczki,1,
0,marcińca,1,
0,berlo,1,
0,nowozytnoscedytuj,1,
0,rynek,1,
0,zamosciu,1,
0,ratuszem,1,
0,panowanie,1,
0,przezywa,1,
0,wladcy,1,
0,stary,1,
0,rozpowszechniaja,1,
0,humanistycznego,1,
0,renesansu,1,
0,gruntownie,1,
0,przebudowany,1,
0,wawelu,1,
0,arrasami,1,
0,malowane,1,
0,fryzami,1,
0,stropow,1,
0,wawelskie,1,
0,zygmuntowska,1,
0,kanoniczej,1,
0,renesans,1,
0,obronny,1,
0,szymbarku,1,
0,ksiazu,1,
0,renesansowego,1,
0,idealnego,1,
0,zamosc,1,
0,podcieniami,1,
0,attykami,1,
0,dolny,1,
0,renesansowe,1,
0,miejszym,1,
0,brzegu,1,
0,ksiazat,1,
0,pomorskich,1,
0,renesansowej,1,
0,rzezbie,1,
0,michalowicza,1,
0,urzedowa,1,
0,glownego,1,
0,kolegiacie,1,
0,bodzentynie,1,
0,ksiazkowym,1,
0,utrwalily,1,
0,kodeks,1,
0,baltazara,1,
0,behema,1,
0,samostrzelnika,1,
0,sztalugowym,1,
0,kobera,1,
0,rzemioslo,1,
0,snycerskie,1,
0,platnerskie,1,
0,srebrny,1,
0,kur,1,
0,bractwa,1,
0,kurkowego,1,
0,powszechny,1,
0,przejmowano,1,
0,charakterystyczne,1,
0,niderlandow,1,
0,zabytki,1,
0,zbrojownia,1,
0,zlota,1,
0,lwi,1,
0,exemplum,1,
0,gratia,1,
0,wroclawskiego,1,
0,gryfami,1,
0,slaskiego,1,
0,glogowku,1,
0,wagi,1,
0,miejskiej,1,
0,reformacji,1,
0,ambony,1,
0,kazalnica,1,
0,marii,1,
0,magdaleny,1,
0,niderlandzki,1,
0,glowny,1,
0,bieczu,1,
0,wloska,1,
0,odmiane,1,
0,rzezbiarskie,1,
0,santi,1,
0,gucciego,1,
0,krzyztopor,1,
0,krasiczynie,1,
0,cerkiew,1,
0,woloska,1,
0,barok,1,
0,wczesna,1,
0,faza,1,
0,scisle,1,
0,kontrreformacja,1,
0,wazow,1,
0,potega,1,
0,autorytet,1,
0,duchowieństwa,1,
0,lansowano,1,
0,przemijalnosci,1,
0,kruchosci,1,
0,ludzkiego,1,
0,stolica,1,
0,postawiono,1,
0,kolumne,1,
0,oznaczajaca,1,
0,potege,1,
0,piotra,1,
0,osrodkami,1,
0,miejskimi,1,
0,monumentalne,1,
0,bielanach,1,
0,kalwarii,1,
0,zebrzydowskiej,1,
0,czernej,1,
0,obronne,1,
0,biskupow,1,
0,kielcach,1,
0,wczesnego,1,
0,obrazow,1,
0,tematyce,1,
0,tradycyjnego,1,
0,portretu,1,
0,staropolskiego,1,
0,trumienny,1,
0,wnetrza,1,
0,otrzymuja,1,
0,oltarze,1,
0,kazimierskich,1,
0,swiatyniach,1,
0,tymze,1,
0,potopie,1,
0,szwedzkim,1,
0,zahamowal,1,
0,budowlany,1,
0,barokowej,1,
0,apogeum,1,
0,panowania,1,
0,przebudowa,1,
0,anny,1,
0,lowiczu,1,
0,filipinow,1,
0,gostyniu,1,
0,misjonarzy,1,
0,siemiatyczach,1,
0,lipka,1,
0,synagogi,1,
0,synagoga,1,
0,wlodawie,1,
0,cerkwie,1,
0,swieckie,1,
0,palace,1,
0,rydzyna,1,
0,nieborow,1,
0,dwory,1,
0,czyzew,1,
0,swidnik,1,
0,osowiec,1,
0,malarz,1,
0,siemiginowskieleuter,1,
0,tworzyl,1,
0,szymon,1,
0,czechowicz,1,
0,lekszycki,1,
0,schultz,1,
0,anton,1,
0,mller,1,
0,michael,1,
0,willmann,1,
0,rezydujacych,1,
0,saksonii,1,
0,wettynow,1,
0,przebudowano,1,
0,os,1,
0,saska,1,
0,ozdobiona,1,
0,rzezbami,1,
0,plerscha,1,
0,przedmiesciu,1,
0,magnackie,1,
0,bialymstoku,1,
0,radzyniu,1,
0,szczekocinach,1,
0,budowle,1,
0,pijarow,1,
0,chelmie,1,
0,kaliszu,1,
0,wieluniu,1,
0,lesznie,1,
0,krotoszynie,1,
0,bogatym,1,
0,wystrojem,1,
0,lezajsku,1,
0,gdańskuoliwie,1,
0,aula,1,
0,leopoldina,1,
0,opactwo,1,
0,cystersow,1,
0,legnickim,1,
0,polu,1,
0,wileńszczyznie,1,
0,architekt,1,
0,glaubitz,1,
0,bernard,1,
0,meretyn,1,
0,pinzel,1,
0,wedytuj,1,
0,stańczyk,1,
0,laczy,1,
0,pozne,1,
0,rokoko,1,
0,rozbudowany,1,
0,reprezentacyjnych,1,
0,sal,1,
0,dominik,1,
0,merlini,1,
0,wzniosl,1,
0,krolewskie,1,
0,krolikarnie,1,
0,wedutysta,1,
0,bernardo,1,
0,bellotto,1,
0,preferujacy,1,
0,tematyke,1,
0,historyczna,1,
0,marcello,1,
0,bacciarelli,1,
0,norblin,1,
0,formach,1,
0,klasycyzujacych,1,
0,teatr,1,
0,placu,1,
0,bankowego,1,
0,antonio,1,
0,corazzi,1,
0,kock,1,
0,zalozenia,1,
0,parkowe,1,
0,arkadia,1,
0,bertela,1,
0,thorvaldsena,1,
0,krajowi,1,
0,kubicki,1,
0,palladianista,1,
0,zawadzki,1,
0,smielowie,1,
0,przelomu,1,
0,vogel,1,
0,romantyzm,1,
0,michalowski,1,
0,artur,1,
0,grottger,1,
0,rodakowski,1,
0,poruszajacy,1,
0,watek,1,
0,narodowowyzwoleńczy,1,
0,eklektyzm,1,
0,karl,1,
0,friedrich,1,
0,schinkel,1,
0,wznoszac,1,
0,antoninie,1,
0,kolobrzegu,1,
0,krzeszowicach,1,
0,historyczny,1,
0,codziennosc,1,
0,plocien,1,
0,gierymskiego,1,
0,wiejski,1,
0,krajobraz,1,
0,widoki,1,
0,malych,1,
0,miasteczek,1,
0,malowal,1,
0,szermentowski,1,
0,czolowym,1,
0,akademista,1,
0,siemiradzki,1,
0,gros,1,
0,oeuvre,1,
0,artysta,1,
0,historiozoficzna,1,
0,percepcje,1,
0,przeszlosci,1,
0,cyprian,1,
0,godebski,1,
0,rygier,1,
0,weloński,1,
0,ksiezarski,1,
0,alexis,1,
0,langer,1,
0,nawrot,1,
0,sredniowiecznej,1,
0,poboznosci,1,
0,industrializacja,1,
0,sprzyja,1,
0,rozwojowi,1,
0,zyrardow,1,
0,osiedli,1,
0,nikiszowiec,1,
0,wille,1,
0,fabrykantow,1,
0,przelomie,1,
0,stuleci,1,
0,dziekoński,1,
0,motywy,1,
0,francuskiego,1,
0,impresjonizmu,1,
0,przyjeli,1,
0,podkowiński,1,
0,pankiewicz,1,
0,hamlet,1,
0,wielopolskiego,1,
0,mlodej,1,
0,symbolizmem,1,
0,poszukiwaniem,1,
0,indywidualnego,1,
0,podejscia,1,
0,mehoffer,1,
0,olga,1,
0,boznańska,1,
0,stanislawski,1,
0,talowski,1,
0,maczyński,1,
0,preferowal,1,
0,zakopiański,1,
0,przewazaja,1,
0,secesyjne,1,
0,piotrkowskiej,1,
0,wykorzystywano,1,
0,aranzacji,1,
0,lekarski,1,
0,witrazami,1,
0,wyspiańskiego,1,
0,kawiarnia,1,
0,jama,1,
0,michalika,1,
0,projektu,1,
0,karola,1,
0,frycza,1,
0,wzornictwo,1,
0,uzytkowa,1,
0,szczepkowskiego,1,
0,sztuce,1,
0,kubizm,1,
0,swobodnie,1,
0,interpretowali,1,
0,pronaszko,1,
0,strzemiński,1,
0,stazewski,1,
0,xawery,1,
0,dunikowski,1,
0,rezygnujac,1,
0,figuratywnosci,1,
0,ryt,1,
0,rytm,1,
0,charakteryzowala,1,
0,swobodna,1,
0,uproszczona,1,
0,redakcja,1,
0,form,1,
0,dawnych,1,
0,adolfa,1,
0,szyszkobohusza,1,
0,oskara,1,
0,sosnowskiego,1,
0,czyste,1,
0,sprzyjajace,1,
0,funkcjonalizmowi,1,
0,przedsiewzieciem,1,
0,awangarda,1,
0,hala,1,
0,maxa,1,
0,berga,1,
0,pomnik,1,
0,powstańcow,1,
0,katowicach,1,
0,proj,1,
0,gintowt,1,
0,hryniewiecki,1,
0,krasiński,1,
0,zabytkow,1,
0,wielkimi,1,
0,przedsiewzieciami,1,
0,ukoronowana,1,
0,restytucja,1,
0,krolewskiego,1,
0,sztukach,1,
0,plastycznych,1,
0,socrealizmem,1,
0,dzialala,1,
0,kolorystow,1,
0,cybis,1,
0,hanna,1,
0,rudzkacybisowa,1,
0,szancenbach,1,
0,ugrupowań,1,
0,tadeuszem,1,
0,kantorem,1,
0,czele,1,
0,kaliska,1,
0,indywidualistami,1,
0,wroblewski,1,
0,potworowski,1,
0,tarasin,1,
0,nowosielski,1,
0,dudagracz,1,
0,zdzislaw,1,
0,beksiński,1,
0,wzroslo,1,
0,grafiki,1,
0,wejman,1,
0,zalozenie,1,
0,tomaszewskiego,1,
0,waldemara,1,
0,swierzego,1,
0,mlodozeńca,1,
0,hasior,1,
0,dominowalo,1,
0,wielkoplytowe,1,
0,wyjatkowym,1,
0,katowickie,1,
0,osiedle,1,
0,tysiaclecia,1,
0,charakterystycznymi,1,
0,kukurydzami,1,
0,pomyslowe,1,
0,arka,1,
0,pana,1,
0,bieńczycach,1,
0,katowicki,1,
0,architektow,1,
0,niemczyk,1,
0,wzniesli,1,
0,libeskind,1,
0,norman,1,
0,foster,1,
0,kulturaedytuj,1,
0,jezykedytuj,1,
0,gramatyka,1,
0,dialekty,1,
0,literaturaedytuj,1,
0,wodzie,1,
0,kopalnia,1,
0,soli,1,
0,wieliczka,1,
0,pisarzy,1,
0,poetow,1,
0,sredniowieczna,1,
0,chrzescijaństwa,1,
0,lacińskim,1,
0,drugim,1,
0,xiixiv,1,
0,psalterz,1,
0,floriański,1,
0,bogurodzica,1,
0,pisane,1,
0,polsku,1,
0,pojawialy,1,
0,zaczeli,1,
0,zdobywac,1,
0,tacy,1,
0,rej,1,
0,hozjusz,1,
0,barokowa,1,
0,nurtow,1,
0,poezja,1,
0,wyrazala,1,
0,poczucie,1,
0,marnosci,1,
0,doczesnych,1,
0,przemijania,1,
0,milosci,1,
0,szczescia,1,
0,roksolanki,1,
0,zimorowica,1,
0,erotyki,1,
0,morsztyn,1,
0,wyodrebnia,1,
0,sowizdrzalska,1,
0,dominowala,1,
0,parodia,1,
0,groteska,1,
0,nonsens,1,
0,sprawami,1,
0,obywatelskimi,1,
0,taka,1,
0,krasicki,1,
0,naruszewicz,1,
0,ci,1,
0,bohomolec,1,
0,ursyn,1,
0,niemcewicz,1,
0,zablocki,1,
0,zwiazani,1,
0,nawiazujacym,1,
0,tworczosci,1,
0,antycznej,1,
0,funkcjonowal,1,
0,sentymentalny,1,
0,karpiński,1,
0,dionizy,1,
0,kniaznin,1,
0,oda,1,
0,sielanka,1,
0,bajka,1,
0,sytuacja,1,
0,wplynela,1,
0,znaczny,1,
0,pelnila,1,
0,odtad,1,
0,utrzymywania,1,
0,porozbiorowym,1,
0,gromadzono,1,
0,podania,1,
0,legendy,1,
0,piesni,1,
0,oskar,1,
0,kolberg,1,
0,sytuacje,1,
0,literacka,1,
0,zmienil,1,
0,listopadowego,1,
0,tamtego,1,
0,momentu,1,
0,podzielilo,1,
0,krajowa,1,
0,kraszewskiego,1,
0,gawedy,1,
0,rzewuskiego,1,
0,komedie,1,
0,obyczajowe,1,
0,fredry,1,
0,emigracyjna,1,
0,dziady,1,
0,epopeje,1,
0,kordian,1,
0,krasińskiego,1,
0,nieboska,1,
0,komedia,1,
0,styczniowego,1,
0,przypisywana,1,
0,uzyteczna,1,
0,reagowac,1,
0,aktualne,1,
0,wydarzenia,1,
0,problemy,1,
0,zmniejszylo,1,
0,poezji,1,
0,wciaz,1,
0,asnyk,1,
0,najwyzej,1,
0,cenionym,1,
0,gatunkiem,1,
0,literackim,1,
0,powiesc,1,
0,realistyczna,1,
0,meir,1,
0,ezofowicz,1,
0,niemnem,1,
0,elizy,1,
0,orzeszkowej,1,
0,lalka,1,
0,tendencyjna,1,
0,kraszewski,1,
0,dziadunio,1,
0,orzeszkowa,1,
0,graba,1,
0,pamietnik,1,
0,waclawy,1,
0,tworzono,1,
0,nowelistyke,1,
0,sienkiewicz,1,
0,faraon,1,
0,ogniem,1,
0,mieczem,1,
0,wolodyjowski,1,
0,krzyzacy,1,
0,quo,1,
0,vadis,1,
0,mloda,1,
0,programie,1,
0,zwrocono,1,
0,ponadprzecietnosc,1,
0,artysty,1,
0,powstaje,1,
0,haslo,1,
0,oznaczajace,1,
0,rezygnacje,1,
0,powinnosci,1,
0,pismiennictwa,1,
0,polozenie,1,
0,nacisku,1,
0,indywidualizm,1,
0,jednostkowe,1,
0,przezycie,1,
0,wtedy,1,
0,kasprowicz,1,
0,miciński,1,
0,staff,1,
0,zeromski,1,
0,przybyszewski,1,
0,wiekedytuj,1,
0,wspolczesna,1,
0,noblistow,1,
0,czeslawa,1,
0,milosza,1,
0,wislawe,1,
0,szymborska,1,
0,wazni,1,
0,witkacy,1,
0,bruno,1,
0,schulz,1,
0,gombrowicz,1,
0,awangardy,1,
0,fantastyki,1,
0,naukowej,1,
0,lem,1,
0,przewidzial,1,
0,ogromna,1,
0,odkryc,1,
0,wynalazkow,1,
0,biotechnologia,1,
0,rzeczywistosc,1,
0,reportazysta,1,
0,ryszard,1,
0,kapusciński,1,
0,kultur,1,
0,nacji,1,
0,cenione,1,
0,przekladane,1,
0,herbert,1,
0,mrozek,1,
0,iwaszkiewicz,1,
0,tyrmand,1,
0,chwin,1,
0,prokopiuk,1,
0,stiller,1,
0,waligorski,1,
0,pawlikowskajasnorzewska,1,
0,tuwim,1,
0,ferdynand,1,
0,goetel,1,
0,kuncewicz,1,
0,jasienica,1,
0,lec,1,
0,boyzeleński,1,
0,rozewicz,1,
0,mackiewicz,1,
0,bobkowski,1,
0,zofia,1,
0,nalkowska,1,
0,kamil,1,
0,baczyński,1,
0,barańczak,1,
0,zagajewski,1,
0,konwicki,1,
0,wiechecki,1,
0,marcin,1,
0,swietlicki,1,
0,stasiuk,1,
0,eustachy,1,
0,rylski,1,
0,sosnowski,1,
0,dukaj,1,
0,filozofiaedytuj,1,
0,filozofem,1,
0,witelon,1,
0,wlasciwy,1,
0,zalozeniem,1,
0,uniwersytety,1,
0,srodokowoeuropejskie,1,
0,uczelnia,1,
0,zmierzchu,1,
0,scholastycznej,1,
0,sredniowieczni,1,
0,praktyczna,1,
0,powiazana,1,
0,koncyliaryzmem,1,
0,spoleczna,1,
0,politycznoreligijna,1,
0,czynil,1,
0,mateusz,1,
0,krakowa,1,
0,kluczowych,1,
0,reprezentantow,1,
0,nurtu,1,
0,nalezeli,1,
0,wlodkowic,1,
0,ludziska,1,
0,ostrorog,1,
0,gruncie,1,
0,spekulatywnej,1,
0,uprawiane,1,
0,poznej,1,
0,scholastyki,1,
0,albertyzm,1,
0,szkotyzm,1,
0,antiqua,1,
0,gostynina,1,
0,stobnicy,1,
0,nominalizm,1,
0,moderna,1,
0,paradyza,1,
0,benedykt,1,
0,hesse,1,
0,najwybitniejszym,1,
0,grzegorz,1,
0,sanoka,1,
0,wczesnej,1,
0,filip,1,
0,kallimach,1,
0,humanistycznej,1,
0,raczej,1,
0,publicystycznopolitycznym,1,
0,czysto,1,
0,filozoficznym,1,
0,charakterze,1,
0,sebastian,1,
0,petrycy,1,
0,burski,1,
0,orzechowski,1,
0,lukasz,1,
0,gornicki,1,
0,znana,1,
0,faustyna,1,
0,socyna,1,
0,szymona,1,
0,budnego,1,
0,znaczace,1,
0,metodologii,1,
0,nauk,1,
0,przyrodniczych,1,
0,mikolaja,1,
0,kopernika,1,
0,uniwersytetach,1,
0,kontynuowano,1,
0,szkolna,1,
0,odrodzila,1,
0,przybyciem,1,
0,osrodkiem,1,
0,jezuickiej,1,
0,wileńska,1,
0,zyskal,1,
0,podrecznik,1,
0,smigleckiego,1,
0,szydlowskiego,1,
0,xviiwiecznej,1,
0,innowiercza,1,
0,krytyk,1,
0,kartezjusza,1,
0,wolzogen,1,
0,samuel,1,
0,przypkowski,1,
0,wiszowaty,1,
0,pozostawil,1,
0,poeta,1,
0,prozaik,1,
0,barokowy,1,
0,herakliusz,1,
0,lubomirski,1,
0,docieraly,1,
0,antyscholastyczne,1,
0,nazywane,1,
0,philosophia,1,
0,recentiorum,1,
0,saskich,1,
0,oswieceniowe,1,
0,mitzler,1,
0,von,1,
0,kolof,1,
0,narbutt,1,
0,antoni,1,
0,wisniewski,1,
0,stanislawowskich,1,
0,upowszechnila,1,
0,oswieceniowa,1,
0,wzor,1,
0,filozofow,1,
0,najwybitniejszymi,1,
0,jedrzej,1,
0,hugo,1,
0,kollataj,1,
0,staszic,1,
0,oswieceniowego,1,
0,dekadach,1,
0,wilnie,1,
0,kantyzmu,1,
0,kalasanty,1,
0,szaniawski,1,
0,przemoznym,1,
0,hoenewroński,1,
0,trentowski,1,
0,cieszkowski,1,
0,libelt,1,
0,istotne,1,
0,juliusza,1,
0,mesjanizm,1,
0,polowa,1,
0,mniejsze,1,
0,pozytywistyczne,1,
0,reprezentowali,1,
0,swietochowski,1,
0,ochorowicz,1,
0,myslicielem,1,
0,socjalistycznym,1,
0,abramowski,1,
0,przelom,1,
0,nietzschego,1,
0,schopenhauera,1,
0,aktywizmu,1,
0,teoretykiem,1,
0,brzozowski,1,
0,rozkwitu,1,
0,wiazalo,1,
0,twardowskiego,1,
0,alfred,1,
0,lesniewski,1,
0,lukasiewicz,1,
0,leon,1,
0,chwistek,1,
0,czezowski,1,
0,izydora,1,
0,dambska,1,
0,najwybitniejszych,1,
0,logikow,1,
0,wspolczesnych,1,
0,najwazniejszych,1,
0,prawdy,1,
0,pojecie,1,
0,definiowalnosci,1,
0,konsekwencji,1,
0,zupelnosci,1,
0,systemy,1,
0,lukasiewicza,1,
0,wielowartosciowe,1,
0,ajdukiewicza,1,
0,teoria,1,
0,semantycznych,1,
0,badania,1,
0,semantyczne,1,
0,kotarbińskiego,1,
0,koncepcja,1,
0,reizmu,1,
0,prakseologii,1,
0,bliscy,1,
0,socjolog,1,
0,ossowski,1,
0,wspoltworca,1,
0,psychologii,1,
0,witwicki,1,
0,estetyk,1,
0,tatarkiewicz,1,
0,etyk,1,
0,ossowska,1,
0,fenomenologii,1,
0,czolowych,1,
0,fenomenologow,1,
0,ogole,1,
0,ontologiczny,1,
0,wypracowal,1,
0,waznymi,1,
0,filozofami,1,
0,elzenberg,1,
0,zdziechowski,1,
0,osiagniecia,1,
0,salamucha,1,
0,bocheński,1,
0,trudnosci,1,
0,dominacja,1,
0,marksistowskiej,1,
0,kontynuowali,1,
0,ossowscy,1,
0,nawiazuja,1,
0,analityczni,1,
0,boguslaw,1,
0,wolniewicz,1,
0,woleński,1,
0,mejbaum,1,
0,logik,1,
0,suszko,1,
0,katolicka,1,
0,neotomizm,1,
0,personalizm,1,
0,krapiec,1,
0,gogacz,1,
0,wojtyla,1,
0,tischner,1,
0,nurty,1,
0,xxwiecznej,1,
0,ija,1,
0,lazaripawlowska,1,
0,kroński,1,
0,kolakowski,1,
0,baczko,1,
0,siemek,1,
0,nowak,1,
0,schaff,1,
0,bauman,1,
0,krokiewicz,1,
0,muzykaedytuj,1,
0,kompozytorow,1,
0,wymieniani,1,
0,kompozytorzy,1,
0,muzyki,1,
0,powaznej,1,
0,penderecki,1,
0,preisner,1,
0,kilar,1,
0,paderewski,1,
0,wieniawski,1,
0,komeda,1,
0,panufnik,1,
0,moniuszko,1,
0,kaczmarek,1,
0,lutoslawski,1,
0,rozrywkowa,1,
0,filmedytuj,1,
0,szkola,1,
0,filmowa,1,
0,kino,1,
0,moralnego,1,
0,niepokoju,1,
0,rezyserzy,1,
0,antczak,1,
0,fabicki,1,
0,falk,1,
0,gliński,1,
0,hoffman,1,
0,jakimowski,1,
0,kawalerowicz,1,
0,dorota,1,
0,kedzierzawska,1,
0,kieslowski,1,
0,raz,1,
0,kolski,1,
0,kotkowski,1,
0,kutz,1,
0,leszczyński,1,
0,juliusz,1,
0,machulski,1,
0,czeslaw,1,
0,petelski,1,
0,piekorz,1,
0,piwowarski,1,
0,stuhr,1,
0,trzaskalski,1,
0,wajda,1,
0,wosiewicz,1,
0,zanussi,1,
0,przekazuedytuj,1,
0,telewizyjneedytuj,1,
0,cyfrowe,1,
0,kablowe,1,
0,budynek,1,
0,rozbudowie,1,
0,publicznaedytuj,1,
0,doswiadczalna,1,
0,emisje,1,
0,regularnego,1,
0,programu,1,
0,rozpoczal,1,
0,nadawca,1,
0,publiczny,1,
0,nadawany,1,
0,satelitarny,1,
0,polonii,1,
0,dziewiec,1,
0,kanalow,1,
0,info,1,
0,bielsat,1,
0,niedawno,1,
0,seriale,1,
0,prywatneedytuj,1,
0,zasiegu,1,
0,lokalnym,1,
0,ptv,1,
0,prywatnymi,1,
0,telewizjami,1,
0,lokalnymi,1,
0,utworzyla,1,
0,ogolnopolska,1,
0,lokalna,1,
0,dostala,1,
0,koncesje,1,
0,naziemne,1,
0,caf,1,
0,futbol,1,
0,play,1,
0,extra,1,
0,biznes,1,
0,superstacja,1,
0,tele,1,
0,top,1,
0,shop,1,
0,mediatext,1,
0,religiatv,1,
0,trwam,1,
0,puls,1,
0,mango,1,
0,cnbc,1,
0,lingua,1,
0,meteo,1,
0,and,1,
0,services,1,
0,agency,1,
0,style,1,
0,turbo,1,
0,tvs,1,
0,satelitarneedytuj,1,
0,cyfrowy,1,
0,cyfra,1,
0,karte,1,
0,upc,1,
0,vectra,1,
0,radioweedytuj,1,
0,odbierane,1,
0,domenie,1,
0,radiowego,1,
0,jedynka,1,
0,dwojka,1,
0,trojka,1,
0,czworka,1,
0,radiem,1,
0,zet,1,
0,zlote,1,
0,przeboje,1,
0,maryja,1,
0,eska,1,
0,planeta,1,
0,maxxx,1,
0,antyradio,1,
0,roxy,1,
0,stacji,1,
0,lokalnych,1,
0,internetowych,1,
0,prasaedytuj,1,
0,dystrybucji,1,
0,naklad,1,
0,dziennikow,1,
0,poddaly,1,
0,nakladu,1,
0,kolejnosci,1,
0,fakt,1,
0,wyborcza,1,
0,metro,1,
0,super,1,
0,przeglad,1,
0,sportowy,1,
0,zachodni,1,
0,pomorska,1,
0,podatkowa,1,
0,ilustrowany,1,
0,baltycki,1,
0,lubuska,1,
0,wroclawska,1,
0,opiniotworcze,1,
0,czasopisma,1,
0,gosc,1,
0,niedzielny,1,
0,newsweek,1,
0,wprost,1,
0,internetoweedytuj,1,
0,wp,1,
0,onetpl,1,
0,gazetapl,1,
0,interiapl,1,
0,oferuja,1,
0,darmowa,1,
0,poczte,1,
0,elektroniczna,1,
0,czat,1,
0,blogi,1,
0,spolecznosciowymi,1,
0,polskojezyczny,1,
0,facebook,1,
0,nasza,1,
0,klasa,1,
0,nkpl,1,
0,kuchniaedytuj,1,
0,tradycyjny,1,
0,wigilijny,1,
0,stol,1,
0,swoistych,1,
0,cech,1,
0,kuchni,1,
0,wplyw,1,
0,przemiany,1,
0,przestrzeni,1,
0,dziejow,1,
0,ulegala,1,
0,wplywom,1,
0,zmianom,1,
0,regionalnym,1,
0,zamieszkiwala,1,
0,zmieniajaca,1,
0,silne,1,
0,kulinarne,1,
0,wplywy,1,
0,tatarskotureckie,1,
0,mongolskie,1,
0,rusińskie,1,
0,francuskie,1,
0,wloskie,1,
0,zydowskie,1,
0,najpopularniejsze,1,
0,kasze,1,
0,kluski,1,
0,golabki,1,
0,schabowy,1,
0,mielony,1,
0,galareta,1,
0,miesna,1,
0,golonka,1,
0,zupy,1,
0,zurek,1,
0,kapusniak,1,
0,krupnik,1,
0,barszcz,1,
0,czerwony,1,
0,rosol,1,
0,pomidorowa,1,
0,ogorkowa,1,
0,grzybowa,1,
0,chlodnik,1,
0,kapusty,1,
0,pieczywo,1,
0,chleb,1,
0,zytni,1,
0,pszenny,1,
0,ciasta,1,
0,warzywa,1,
0,owoce,1,
0,jablka,1,
0,gruszki,1,
0,rozmaite,1,
0,jagody,1,
0,porzeczki,1,
0,ser,1,
0,bialy,1,
0,wszelkiego,1,
0,rodzaju,1,
0,miesa,1,
0,wieprzowe,1,
0,drobiowe,1,
0,wolowe,1,
0,rozmaicie,1,
0,przygotowane,1,
0,ryby,1,
0,slodkowodne,1,
0,specyficznym,1,
0,deserem,1,
0,faworki,1,
0,popularne,1,
0,wypieki,1,
0,babka,1,
0,makowiec,1,
0,sernik,1,
0,pierniki,1,
0,paczki,1,
0,specyficznych,1,
0,potraw,1,
0,flaki,1,
0,ogorki,1,
0,kiszone,1,
0,kapusta,1,
0,kiszona,1,
0,zsiadle,1,
0,mleko,1,
0,maslanka,1,
0,kefir,1,
0,alkoholowych,1,
0,wodka,1,
0,pedzona,1,
0,zboz,1,
0,wyparla,1,
0,rozpowszechniony,1,
0,miod,1,
0,pitny,1,
0,piwo,1,
0,chmielowe,1,
0,tradycyjnym,1,
0,pospolitym,1,
0,wino,1,
0,pija,1,
0,rzadziej,1,
0,popularnym,1,
0,dodatkiem,1,
0,plasterka,1,
0,cytryny,1,
0,slodzona,1,
0,cukrem,1,
0,przybyla,1,
0,anglii,1,
0,wkrotce,1,
0,ukazaniu,1,
0,kupcow,1,
0,holenderskich,1,
0,rozpowszechnienie,1,
0,przypisywane,1,
0,zaborcom,1,
0,rosyjskim,1,
0,domow,1,
0,kongresowce,1,
0,trafily,1,
0,samowary,1,
0,pojawila,1,
0,postaci,1,
0,daru,1,
0,chin,1,
0,carskim,1,
0,rozpowszechnieniem,1,
0,holandii,1,
0,kawa,1,
0,nizsze,1,
0,warstwy,1,
0,rzemieslnicy,1,
0,zamozne,1,
0,chlopstwo,1,
0,montalarousse,1,
0,librarie,1,
0,montagn,1,
0,comit,1,
0,joel,1,
0,robuchon,1,
0,jork,1,
0,clarkson,1,
0,potter,1,
0,oryg,1,
0,wydanie,1,
0,oclc,1,
0,ang,1,
0,sportedytuj,1,
0,kubica,1,
0,bolidzie,1,
0,renault,1,
0,testow,1,
0,przedsezonowych,1,
0,torze,1,
0,jerez,1,
0,najpopularniejszym,1,
0,nozna,1,
0,reprezentacja,1,
0,odnosila,1,
0,druzyna,1,
0,zdobyla,1,
0,medal,1,
0,igrzyskach,1,
0,srebrne,1,
0,medale,1,
0,uefa,1,
0,michel,1,
0,platini,1,
0,oglosil,1,
0,odbeda,1,
0,miastagospodarze,1,
0,meczow,1,
0,imprezy,1,
0,najwyzsza,1,
0,liga,1,
0,pilki,1,
0,nazywa,1,
0,ekstraklasa,1,
0,duzym,1,
0,zainteresowaniem,1,
0,cieszy,1,
0,zuzel,1,
0,tomasz,1,
0,gollob,1,
0,hampel,1,
0,janusz,1,
0,kolodziej,1,
0,odnosza,1,
0,arenie,1,
0,utytulowane,1,
0,zuzlowe,1,
0,leszno,1,
0,gorzow,1,
0,rkm,1,
0,rybnik,1,
0,siatkowka,1,
0,zdobyciu,1,
0,trzeciego,1,
0,zlotka,1,
0,wicemistrzostwa,1,
0,chetnie,1,
0,ogladanym,1,
0,koszykowka,1,
0,ligi,1,
0,stoja,1,
0,wysokim,1,
0,znaczeniu,1,
0,zyskaly,1,
0,skoki,1,
0,narciarskie,1,
0,malysza,1,
0,formula,1,
0,roberta,1,
0,kubicy,1,
0,reczna,1,
0,reprezentacji,1,
0,plywanie,1,
0,otylii,1,
0,jedrzejczak,1,
0,korzeniowskiego,1,
0,swietaedytuj,1,
0,pracyedytuj,1,
0,dniami,1,
0,wolnymi,1,
0,swietami,1,
0,osiem,1,
0,wypadaja,1,
0,zawsze,1,
